time,ref.q_ref,sensor_ref.U_q,sensor_state.U_q,pid.I_out,pid.u,drive_coupled.torque,pendulum.alpha,pendulum.omega,pendulum.q
s,rad,V,V,-,-,m·N,rad/s²,rad/s,rad
0.0,0.0,1.4941176470588236,1.4941176470588236,0.0,0.0,-0.0,0.0,0.0,0.0
0.0,0.0,1.4941176470588236,1.4941176470588236,0.0,0.0,-0.0,-0.0,0.0,0.0
0.001,0.0005483111301320963,1.4941176470588236,1.4941176470588236,0.0,0.0,-0.0,0.0,0.0,0.0
0.002,0.001096620907360985,1.4941176470588236,1.4941176470588236,0.0,0.0,-0.0,0.0,0.0,0.0
0.003,0.0016449279787867964,1.4941176470588236,1.4941176470588236,0.0,0.0,-0.0,0.0,0.0,0.0
0.004,0.002193230991516338,1.4941176470588236,1.4941176470588236,0.0,0.0,-0.0,0.0,0.0,0.0
0.005,0.0027415285926664303,1.4941176470588236,1.4941176470588236,0.0,0.0,-0.0,0.0,0.0,0.0
0.006,0.0032898194293672473,1.4941176470588236,1.4941176470588236,0.0,0.0,-0.0,0.0,0.0,0.0
0.007,0.0038381021487656542,1.4941176470588236,1.4941176470588236,0.0,0.0,-0.0,0.0,0.0,0.0
0.008,0.004386375398028544,1.4941176470588236,1.4941176470588236,0.0,0.0,-0.0,0.0,0.0,0.0
0.009000000000000001,0.004934637824346175,1.4941176470588236,1.4941176470588236,0.0,0.0,-0.0,0.0,0.0,0.0
0.010000000000000002,0.005482888074935513,1.4941176470588236,1.4941176470588236,0.0,0.0,-0.0,0.0,0.0,0.0
0.011000000000000003,0.0060311247970435645,1.5058823529411764,1.4941176470588236,0.0002352941176470575,1.0,-0.0,0.0,0.0,0.0
0.012000000000000004,0.006579346637950715,1.5058823529411764,1.4941176470588236,0.0004705882352941155,1.0,92.21222604850348,0.0,0.0,0.0
0.013000000000000005,0.00712755224497407,1.5058823529411764,1.4941176470588236,0.0007058823529411735,1.0,163.36285097831248,4.853144298552604,0.004853163576116435,3.1208885229742477e-06
0.014000000000000005,0.007675740265470789,1.5058823529411764,1.4941176470588236,0.0009411764705882315,1.0,173.21023490632862,8.623266564187714,0.013476495848802022,1.2349728275686966e-05
0.015000000000000006,0.008223909346841425,1.5058823529411764,1.4941176470588236,0.0011764705882352895,1.0,165.83160636648705,9.161133760791111,0.022636193641266115,3.142486331500999e-05
0.016000000000000007,0.008772058136533267,1.5058823529411764,1.4941176470588236,0.0014117647058823474,1.0,160.99798785555615,8.775260958542871,0.03141657491931399,5.9192930048541116e-05
0.017000000000000008,0.009320185282043657,1.5058823529411764,1.4941176470588236,0.0016470588235294053,1.0,159.80793463815291,8.518359458030641,0.039938424439696474,9.557766025042165e-05
0.01800000000000001,0.009868289430923357,1.5058823529411764,1.4941176470588236,0.0018823529411764633,1.0,159.81430590769372,8.453788852222244,0.04839370054847149,0.0001404711952292574
0.01900000000000001,0.010416369230779864,1.5058823529411764,1.4941176470588236,0.0021176470588235214,1.0,159.83432700164045,8.453095681614199,0.05684712759659973,0.00019329458552399173
0.02000000000000001,0.010964423329280755,1.5058823529411764,1.4941176470588236,0.0023529411764705794,1.0,159.70371677310237,8.453348903379588,0.06530056142212866,0.000254412823333743
0.02100000000000001,0.011512450374157022,1.5058823529411764,1.4941176470588236,0.0025882352941176373,1.0,159.5135751036828,8.445569655839808,0.07374823234981089,0.0003239403276089544
0.022000000000000013,0.012060449013206413,1.5058823529411764,1.4941176470588236,0.0028235294117646952,1.0,159.32221005681743,8.43450493932809,0.08218486393730746,0.00040190711653476254
0.023000000000000013,0.012608417894296753,1.5058823529411764,1.4941176470588236,0.003058823529411753,1.0,159.13891716121876,8.423248627458198,0.09061024691226235,0.0004883048452806159
0.024000000000000014,0.013156355665369306,1.5058823529411764,1.4941176470588236,0.003294117647058811,1.0,158.95807362890284,8.412306373848157,0.09902485247617204,0.0005831225056318893
0.025000000000000015,0.013704260974442089,1.5058823529411764,1.4941176470588236,0.003529411764705869,1.0,158.77845074074025,8.401385052324148,0.10742828898066635,0.0006863490965106863
0.026000000000000016,0.014252132469613219,1.5058823529411764,1.4941176470588236,0.003764705882352927,1.0,158.59872637017588,8.390418591530006,0.11582137512429078,0.0007979739116022054
0.027000000000000017,0.01479996879906424,1.5058823529411764,1.4941176470588236,0.003999999999999985,1.0,158.41936681054847,8.379337198273069,0.1242032086946384,0.0009179863012981261
0.028000000000000018,0.015347768611063475,1.5058823529411764,1.4941176470588236,0.004235294117647044,1.0,158.24021263803246,8.368165193686195,0.13257397411021724,0.0010463749895966126
0.02900000000000002,0.015895530553969337,1.5058823529411764,1.4941176470588236,0.004470588235294102,1.0,158.06127451906912,8.356894449876384,0.14093454634675745,0.001183129642616618
0.03000000000000002,0.016443253276233687,1.5058823529411764,1.4941176470588236,0.0047058823529411604,1.0,157.88268393953263,8.345525631806694,0.14928282589076897,0.0013282390504317362
0.03100000000000002,0.01699093542640515,1.5176470588235293,1.4941176470588236,0.005172400840985226,1.0,157.70440940789024,8.334065822230237,0.15762060235808417,0.001481691020202138
0.03200000000000002,0.01753857565313247,1.5176470588235293,1.4941176470588236,0.0056429890762793415,1.0,157.52772350814496,8.322513546842842,0.16594559666626005,0.0016434743645294327
0.03300000000000002,0.018086172605167823,1.5176470588235293,1.4941176470588236,0.006113577311573457,1.0,157.34806156408897,8.31093593311609,0.17425956174426047,0.0018135769585003797
0.03400000000000002,0.018633724931370166,1.5176470588235293,1.4941176470588236,0.006584165546867573,1.0,157.17008514199333,8.299093238236779,0.18256151674095836,0.0019919876365562944
0.035000000000000024,0.019181231280708564,1.5176470588235293,1.4941176470588236,0.007054753782161689,1.0,156.99269501872504,8.287229693308458,0.19085204132051878,0.002178694777729493
0.036000000000000025,0.019728690302265532,1.5176470588235293,1.4941176470588236,0.007525342017455805,1.0,156.81559184703153,8.27528889173243,0.19913002086224849,0.0023736860666685585
0.037000000000000026,0.020276100645240346,1.5176470588235293,1.4941176470588236,0.007995930252749922,1.0,156.63885235624718,8.263254939928906,0.20739636900187383,0.0025769493891950527
0.03800000000000003,0.020823460958952406,1.5176470588235293,1.4941176470588236,0.008466518488044038,1.0,156.46253579878638,8.251131945688886,0.21565072596752466,0.0027884730200371816
0.03900000000000003,0.021370769892844546,1.5176470588235293,1.4941176470588236,0.008937106723338155,1.0,156.28611903925054,8.238923206232108,0.22389286921567042,0.0030082449358174814
0.04000000000000003,0.021918026096486385,1.5176470588235293,1.4941176470588236,0.009407694958632272,1.0,156.1103716809064,8.226601366385127,0.23212281039965252,0.0032362528604283707
0.04100000000000003,0.022465228219577638,1.5176470588235293,1.4941176470588236,0.009878283193926389,1.0,155.93457564873975,8.21420694664682,0.2403403368649033,0.0034724845627334662
0.04200000000000003,0.023012374911951457,1.5176470588235293,1.4941176470588236,0.010348871429220505,1.0,155.7583583573599,8.2017025307531,0.24854549222565173,0.0037169275628342485
0.04300000000000003,0.023559464823577778,1.5176470588235293,1.4941176470588236,0.010819459664514622,1.0,155.58305151760325,8.18906847471706,0.2567379861405199,0.0039695694431831725
0.04400000000000003,0.02410649660456662,1.5176470588235293,1.4941176470588236,0.011290047899808739,1.0,155.40814552150778,8.176374930251653,0.26491792837580325,0.004230397486067334
0.04500000000000003,0.024653468905171453,1.5176470588235293,1.4941176470588236,0.011760636135102856,1.0,155.23352977272734,8.163595610001767,0.2730850368796717,0.004499399122788817
0.046000000000000034,0.025200380375792485,1.5176470588235293,1.4941176470588236,0.012231224370396972,1.0,155.05944212653463,8.150724723812086,0.2812394468204816,0.004776561445470778
0.047000000000000035,0.025747229666980044,1.5176470588235293,1.4941176470588236,0.012701812605691089,1.0,154.88532740488876,8.137774925958253,0.2893808177450924,0.00506187174978877
0.048000000000000036,0.026294015429437847,1.5176470588235293,1.4941176470588236,0.013172400840985206,1.0,154.71151122527507,8.1247172357126,0.2975093474768093,0.005355316901717027
0.04900000000000004,0.02684073631402639,1.5176470588235293,1.5058823529411764,0.013411774810551677,0.5659838308805941,154.53792980445618,8.111568806097317,0.3056245881369517,0.005656884065993628
0.05000000000000004,0.02738739097176624,1.5176470588235293,1.5058823529411764,0.013647068928198735,0.563144214001373,114.34389841543552,8.09832654611892,0.31372686436421326,0.0059665598400587255
0.05100000000000004,0.027933978053841364,1.5294117647058822,1.5058823529411764,0.01411514309124424,1.0,83.02823298203792,5.97868187164565,0.31970929106435286,0.006284018934009713
0.05200000000000004,0.028480496211602483,1.5294117647058822,1.5058823529411764,0.014585731326538356,1.0,118.66151332201919,4.315166101587894,0.32402811427130074,0.006605999759334099
0.05300000000000004,0.029026944096570355,1.5294117647058822,1.5058823529411764,0.015056319561832473,1.0,152.74693990303544,6.177537098742925,0.3302036095414562,0.0069338901028308695
0.05400000000000004,0.029573320360439154,1.5294117647058822,1.5058823529411764,0.01552690779712659,1.0,158.99860788655133,7.9769053776438845,0.3381787432692696,0.007269082589762164
0.05500000000000004,0.030119623655079763,1.5294117647058822,1.5058823529411764,0.015997496032420705,1.0,156.13281685932716,8.31093342259449,0.3464860462777096,0.007612036363455592
0.05600000000000004,0.0306658526325431,1.5294117647058822,1.5058823529411764,0.01646808426771482,1.0,153.8485551334564,8.15728517241085,0.3546476826237356,0.007963178487132886
0.057000000000000044,0.031212005945063476,1.5294117647058822,1.5058823529411764,0.016938672503008935,1.0,153.14973672987716,8.031572960778178,0.362683305925078,0.008322266282364783
0.058000000000000045,0.031758082245061874,1.5294117647058822,1.5058823529411764,0.01740926073830305,1.0,153.03901526696262,7.9893517402856995,0.37067925279995434,0.008688940161871671
0.059000000000000045,0.03230408018514931,1.5294117647058822,1.5058823529411764,0.017879848973597165,1.0,152.95881071377357,7.978417546162986,0.37866123298460863,0.009063610569924127
0.060000000000000046,0.03284999841813015,1.5294117647058822,1.5058823529411764,0.01835043720889128,1.0,152.8149800704534,7.9691501894865935,0.38663396301500647,0.009446258078009853
0.06100000000000005,0.0333958355970054,1.5294117647058822,1.5058823529411764,0.018821025444185395,1.0,152.64235390332001,7.956439084389044,0.39459461199453266,0.009836872069600974
0.06200000000000005,0.0339415903749761,1.5294117647058822,1.5058823529411764,0.01929161367947951,1.0,152.4682362881073,7.942090651145861,0.40254108696887897,0.010235440184709043
0.06300000000000004,0.03448726140544659,1.5294117647058822,1.5058823529411764,0.01976220191477362,1.0,152.2975034519626,7.927551618601704,0.4104733859822338,0.01064194789222136
0.06400000000000004,0.035032847342027836,1.5294117647058822,1.5058823529411764,0.020232790150067737,1.0,152.12866539289035,7.913086436261726,0.41839053880667565,0.011056380279179205
0.06500000000000004,0.03557834683854078,1.5294117647058822,1.5058823529411764,0.02070337838536185,1.0,151.96004772827223,7.898618270987754,0.426293707410054,0.011478722578961393
0.06600000000000004,0.03612375854901964,1.5294117647058822,1.5058823529411764,0.021173966620655967,1.0,151.79151581097918,7.884058779380162,0.4341823083678948,0.011908960808282477
0.06700000000000005,0.03666908112771523,1.5294117647058822,1.5058823529411764,0.02164455485595008,1.0,151.62362213831182,7.869400603884207,0.4420564274604655,0.0123470802955611
0.06800000000000005,0.037214313229098316,1.5294117647058822,1.5058823529411764,0.022115143091244197,1.0,151.455806035426,7.8546729747004065,0.4499156902134513,0.012793066617753823
0.06900000000000005,0.03775945350786286,1.5294117647058822,1.5058823529411764,0.02258573132653831,1.0,151.28812673167386,7.839846736115516,0.45776041902683856,0.013246904730869829
0.07000000000000005,0.03830450061892944,1.5294117647058822,1.5058823529411764,0.023056319561832427,1.0,151.12123968148242,7.824925042819844,0.46558996073747727,0.013708580220297343
0.07100000000000005,0.03884945321744848,1.5411764705882354,1.5058823529411764,0.023753450524031862,1.0,150.95473312308266,7.809942602907822,0.4734051910405168,0.014178078411411459
0.07200000000000005,0.039394309958803615,1.5411764705882354,1.5058823529411764,0.024458607808466936,1.0,150.78978003697512,7.794878134654329,0.4812041677869128,0.014655383695721644
0.07300000000000005,0.039939069498615,1.5411764705882354,1.5058823529411764,0.025164523373392853,1.0,150.62465109943332,7.779793471346797,0.48898927772452444,0.01514048018498468
0.07400000000000005,0.04048373049274262,1.5411764705882354,1.5058823529411764,0.025870245227609917,1.0,150.45615810247136,7.764598101781826,0.4967586824839222,0.01563335443738499
0.07500000000000005,0.04102829159728962,1.5411764705882354,1.5058823529411764,0.026576094954248737,1.0,150.291971815349,7.749123967299455,0.5045131149349101,0.016133990282654824
0.07600000000000005,0.04157275146860561,1.5411764705882354,1.5176470588235293,0.027053014052635983,1.0,150.12662944310023,7.733774095029223,0.5122514843434914,0.016642373095427328
0.07700000000000005,0.042117108763289966,1.5411764705882354,1.5176470588235293,0.0275236022879301,1.0,149.96139745799528,7.718263315970092,0.519975208833318,0.01715848633893688
0.07800000000000006,0.0426613621381952,1.5411764705882354,1.5176470588235293,0.027994190523224223,1.0,149.79654544303193,7.702656980981211,0.5276833357709221,0.017682315258844672
0.07900000000000006,0.04320551025043019,1.5411764705882354,1.5176470588235293,0.028464778758518345,1.0,149.63242626646885,7.686969820516615,0.5353754421323078,0.01821384501296896
0.08000000000000006,0.04374955175736358,1.5411764705882354,1.5176470588235293,0.028935366993812467,1.0,149.46878351238172,7.671220707897854,0.5430521712945929,0.018753058791276613
0.08100000000000006,0.044293485316627,1.5411764705882354,1.5176470588235293,0.02940595522910659,1.0,149.3051005388691,7.655396447109105,0.5507124722905985,0.019299941617868965
0.08200000000000006,0.044837309586118514,1.5411764705882354,1.5176470588235293,0.02987654346440071,1.0,149.1438214597743,7.639470002212839,0.5583574282690691,0.019854476677880994
0.08300000000000006,0.045381023224005765,1.5411764705882354,1.5176470588235293,0.030347131699694833,1.0,148.9826873352348,7.623570068264281,0.5659861573919931,0.02041664886341654
0.08400000000000006,0.045924624888729386,1.5411764705882354,1.5176470588235293,0.030817719934988955,1.0,148.81769829588296,7.607578655757997,0.5735994965857981,0.020986441556132125
0.08500000000000006,0.04646811323900634,1.5411764705882354,1.5176470588235293,0.03128830817028307,1.0,148.65497382877143,7.591284834210536,0.581196707240656,0.02156383938858557
0.08600000000000006,0.04701148693383313,1.5411764705882354,1.5176470588235293,0.03175889640557719,1.0,148.49332860800416,7.5750097796726905,0.5887761791212988,0.022148826433778128
0.08700000000000006,0.047554744632489196,1.5411764705882354,1.5176470588235293,0.03222948464087131,1.0,148.3322913477182,7.558693034555838,0.5963403784664532,0.022741385047707202
0.08800000000000006,0.04809788499454015,1.5411764705882354,1.5176470588235293,0.03270007287616543,1.0,148.1714203453028,7.542309687073726,0.6038884610204385,0.02334149957370931
0.08900000000000007,0.04864090667984115,1.5411764705882354,1.5176470588235293,0.03317066111145955,1.0,148.01168350783055,7.525836573633963,0.611419826019208,0.02394915408993454
0.09000000000000007,0.04918380834854018,1.5411764705882354,1.5176470588235293,0.033641249346753666,1.0,147.851229375424,7.50932474333351,0.6189351050499314,0.02456433154132227
0.09100000000000007,0.04972658866108131,1.5411764705882354,1.5176470588235293,0.034111837582047784,1.0,147.69136984346048,7.492677233219608,0.6264331435954391,0.025187016234912235
0.09200000000000007,0.0502692462782081,1.5529411764705883,1.5176470588235293,0.034808976969531134,1.0,147.5319565927506,7.475962818554347,0.6339151430250025,0.025817190384199204
0.09300000000000007,0.050811779860966806,1.5529411764705883,1.5176470588235293,0.03551196487009395,1.0,147.37266843743922,7.459166893120593,0.6413778667944812,0.02645540113093116
0.09400000000000007,0.05135418807070977,1.5529411764705883,1.5176470588235293,0.03621822444321903,1.0,147.21396794209284,7.442287535104215,0.6488260987819909,0.027100505581136542
0.09500000000000007,0.05189646956909863,1.5529411764705883,1.5294117647058822,0.036689678324446265,1.0,147.05565991278277,7.4253418184486994,0.6562572726314523,0.027753043656647495
0.09600000000000007,0.05243862301810772,1.5529411764705883,1.5294117647058822,0.03716026655974038,1.0,146.8977608550066,7.4083198186556745,0.6636718300342874,0.028413007973420678
0.09700000000000007,0.052980647080027275,1.5529411764705883,1.5294117647058822,0.0376308547950345,1.0,146.74009835608678,7.391222582497124,0.6710682312667109,0.029080378729122575
0.09800000000000007,0.0535225404174668,1.5529411764705883,1.5294117647058822,0.03810144303032862,1.0,146.58356886249678,7.374041296095705,0.6784487284907417,0.029755137027006183
0.09900000000000007,0.05406430169335837,1.5529411764705883,1.5294117647058822,0.03857203126562274,1.0,146.42680148507264,7.356823302887369,0.6858114402684741,0.030437267539014677
0.10000000000000007,0.05460592957095988,1.5529411764705883,1.5294117647058822,0.03904261950091686,1.0,146.2703611902397,7.339496952121015,0.6931575278016399,0.031126751823114796
0.10100000000000008,0.055147422713858404,1.5529411764705883,1.5294117647058822,0.039513207736210976,1.0,146.1146914620017,7.32209182798159,0.7004860875473833,0.03182357325149113
0.10200000000000008,0.055688779785973405,1.5529411764705883,1.5294117647058822,0.039983795971505094,1.0,145.9586158069395,7.3046316541089205,0.7077969916743763,0.03252771522270976
0.10300000000000008,0.05622999945156015,1.5529411764705883,1.5294117647058822,0.04045438420679921,1.0,145.80548527944606,7.287054891273705,0.7150906189415442,0.033239158992252354
0.10400000000000008,0.05677108037521292,1.5529411764705883,1.5294117647058822,0.04092497244209333,1.0,145.64926455891245,7.269529687484156,0.7223640627969505,0.033958508119446264
0.10500000000000008,0.057312021221868306,1.5529411764705883,1.5294117647058822,0.04139556067738745,1.0,145.4941624620769,7.251754834065407,0.7296216876149796,0.03468458294062344
0.10600000000000008,0.057852820656808544,1.5529411764705883,1.5294117647058822,0.04186614891268157,1.0,145.34029637398714,7.233944200062698,0.736862537284674,0.03541783125888474
0.10700000000000008,0.058393477345664774,1.5529411764705883,1.5294117647058822,0.04233673714797569,1.0,145.18624218853128,7.2161045571416516,0.7440852249879734,0.03615830555694815
0.10800000000000008,0.0589339899544204,1.5529411764705883,1.5294117647058822,0.042807325383269805,1.0,145.03307516361164,7.198161137858826,0.7512900409884478,0.03690599366835079
0.10900000000000008,0.05947435714941426,1.5529411764705883,1.5294117647058822,0.043277913618563923,1.0,144.88022666397964,7.180170387719509,0.7584769331029514,0.037660877294901925
0.11000000000000008,0.06001457759734403,1.5529411764705883,1.5294117647058822,0.04374850185385804,1.0,144.72773757189546,7.162102916305832,0.7656454652183045,0.03842293900542521
0.11100000000000008,0.06055464996526945,1.5529411764705883,1.5411764705882354,0.04398790529125638,-0.1563623626785301,144.57565582295422,7.143960981994804,0.7727964598688584,0.03919215981562451
0.11200000000000009,0.06109457292061564,1.5647058823529412,1.5411764705882354,0.04445561997947317,1.0,37.79329513761696,7.12574736115977,0.77992914694988,0.03996852225677002
0.11300000000000009,0.061634345131176375,1.5647058823529412,1.5411764705882354,0.04492620821476729,1.0,61.99611137192607,1.4954603545103629,0.7814338127074891,0.04074929630350613
0.11400000000000009,0.06217396526511739,1.5647058823529412,1.5411764705882354,0.04539679645006141,1.0,132.73431331458855,2.7294371808634605,0.7841652663146101,0.0415322825216928
0.11500000000000009,0.06271343199097965,1.5647058823529412,1.5411764705882354,0.045867384685355526,1.0,152.5028872970223,6.4486586927699,0.7906128254839195,0.042320474288409106
0.11600000000000009,0.06325274397768263,1.5647058823529412,1.5411764705882354,0.046337972920649645,1.0,149.41454522812296,7.498307921821993,0.7981088315927708,0.04311560410903771
0.11700000000000009,0.06379189989452762,1.5647058823529412,1.5411764705882354,0.04680856115594376,1.0,145.04902755419718,7.330842431503465,0.8054475901115694,0.04391777863089967
0.11800000000000009,0.06433089841120097,1.5647058823529412,1.5411764705882354,0.04727914939123788,1.0,143.51539439263007,7.089657067689269,0.812544683889602,0.04472732036156695
0.11900000000000009,0.06486973819777744,1.5647058823529412,1.5411764705882354,0.047749737626532,1.0,143.3534924669989,6.997042827458403,0.819555652234379,0.04554339917719164
0.12000000000000009,0.06540841792472343,1.5647058823529412,1.5411764705882354,0.04822032586182612,1.0,143.37654267980096,6.977315105879002,0.8265399536318383,0.04636644784584709
0.1210000000000001,0.06594693626290024,1.5647058823529412,1.5411764705882354,0.04869091409712024,1.0,143.29533245734433,6.96761469928359,0.8335128675198014,0.04719647431951749
0.1220000000000001,0.06648529188356742,1.5647058823529412,1.5411764705882354,0.049161502332414356,1.0,143.15077701992564,6.952389516403113,0.8404721002471864,0.04803346455999414
0.1230000000000001,0.06702348345838598,1.5647058823529412,1.5411764705882354,0.049632090567708474,1.0,142.99478977490256,6.9337113026949595,0.8474143186914809,0.048877404185947354
0.1240000000000001,0.06756150965942172,1.5647058823529412,1.5411764705882354,0.05010267880300259,1.0,142.8439219826003,6.914323438655719,0.8543379404653991,0.04972827602157536
0.12500000000000008,0.06809936915914845,1.5647058823529412,1.5529411764705883,0.05034208751074108,-0.16980094880244323,142.69686126842834,6.895111724520837,0.861242555539779,0.05058606167047789
0.12600000000000008,0.06863706063045134,1.5647058823529412,1.5529411764705883,0.05057738162838814,-0.1543808333265624,34.68132732783039,6.876012016401368,0.8681281019089085,0.051450742288051333
0.12700000000000009,0.06917458274663014,1.5647058823529412,1.5529411764705883,0.050812675746035194,-0.13917247595666926,-47.27444364117979,1.1796760410430138,0.8693226277464843,0.0523196156411365
0.12800000000000009,0.06971193418140247,1.5647058823529412,1.5529411764705883,0.05104796986368225,-0.12417548227422956,-56.440334280504416,-3.1749798143931383,0.8661563175532836,0.05318710897021788
0.1290000000000001,0.07024911360890705,1.5647058823529412,1.5529411764705883,0.051283263981329305,-0.10938711456024611,-45.33998994674974,-3.6915531946401137,0.862475662674889,0.05405111160472366
0.1300000000000001,0.07078611970370707,1.5647058823529412,1.5529411764705883,0.05151855809897636,-0.09480417767693552,-37.36146859011173,-3.1212581233498002,0.8593523650863684,0.05491174801376049
0.1310000000000001,0.07132295114079334,1.5647058823529412,1.5529411764705883,0.05175385221662342,-0.08042336080051546,-33.75385146881521,-2.7095091436160583,0.8566422616649227,0.05576957400433533
0.1320000000000001,0.0718596065955877,1.5647058823529412,1.5529411764705883,0.05198914633427047,-0.06624135135164119,-31.599659769907326,-2.5286030802767345,0.8541153154772504,0.05662476549490857
0.1330000000000001,0.07239608474394613,1.576470588235294,1.5529411764705883,0.052455619045622855,1.0,-29.487881085095875,-2.4253755082012476,0.8516861914611321,0.05747760793107894
0.1340000000000001,0.07293238426216213,1.576470588235294,1.5529411764705883,0.052926207280916966,1.0,69.79656000957156,-2.3247549904629023,0.8493657912569073,0.05832788300152721
0.1350000000000001,0.07346850382696996,1.576470588235294,1.5529411764705883,0.053396795516211085,1.0,145.68298640574108,2.8900976839402,0.8522536879914492,0.05917895656359546
0.1360000000000001,0.07400444211554788,1.576470588235294,1.5529411764705883,0.0538673837515052,1.0,156.07003292997877,6.900345952800853,0.8591537611023766,0.06003538805616403
0.1370000000000001,0.07454019780552147,1.576470588235294,1.5529411764705883,0.05433797198679932,1.0,148.18395047010142,7.456890597772743,0.8666098411436166,0.06089893049485617
0.1380000000000001,0.07507576957496677,1.576470588235294,1.5647058823529412,0.05457738355141878,-0.0659251133139041,143.06991095161194,7.033440166824515,0.8736538349315134,0.061769612487682535
0.1390000000000001,0.07561115610241372,1.576470588235294,1.5647058823529412,0.05481267766906584,-0.0515215529429032,43.56678919722363,6.750637733315936,0.8804133978667323,0.06264714638173759
0.1400000000000001,0.07614635606684926,1.576470588235294,1.5647058823529412,0.0550479717867129,-0.03731323820819782,-30.88571936485867,1.5007730404493231,0.8819245647527336,0.06352843563786102
0.1410000000000001,0.0766813681477207,1.576470588235294,1.5647058823529412,0.05528326590435995,-0.023299844046607565,-38.97669428953828,-2.4567925076433825,0.8794772175796629,0.0644088463980127
0.1420000000000001,0.07721619102493889,1.576470588235294,1.5647058823529412,0.05551856002200701,-0.009478846260606022,-28.75405269589843,-2.914874119885342,0.8765713905067394,0.0652866128514092
0.1430000000000001,0.07775082337888158,1.576470588235294,1.5647058823529412,0.055753854139654065,0.0041527015487226315,-21.443639728822657,-2.3906466542290086,0.8741790354183998,0.06616177780923645
0.1440000000000001,0.07828526389039656,1.576470588235294,1.5647058823529412,0.05598914825730112,0.017597852589556623,-18.123514799009453,-2.014493280275695,0.8721643787411401,0.06703481499529808
0.1450000000000001,0.078819511240805,1.576470588235294,1.5647058823529412,0.056224442374948176,0.030859661730179566,-16.117566000850392,-1.8491045923211917,0.8703171871011101,0.06790591306227656
0.1460000000000001,0.07935356411190467,1.576470588235294,1.5647058823529412,0.05645973649259523,0.043941150816181884,-14.15168885428672,-1.75396821534094,0.8685602219889961,0.06877530644385571
0.1470000000000001,0.07988742118597318,1.576470588235294,1.5647058823529412,0.05669503061024229,0.05684529759945725,-12.050798990848074,-1.6612859475519843,0.8669033832135612,0.06964286024537798
0.1480000000000001,0.0804210811457713,1.576470588235294,1.5647058823529412,0.05693032472788934,0.0695750325729675,-9.920062282882459,-1.5614902324675892,0.8653444241475556,0.07050888310842655
0.1490000000000001,0.08095454267454612,1.576470588235294,1.5647058823529412,0.0571656188455364,0.08213323844658796,-7.817170767170487,-1.4600655437876826,0.8638868978792308,0.07137337055511919
0.1500000000000001,0.08148780445603435,1.576470588235294,1.576470588235294,0.05716973744458039,-1.0,-5.752522174357246,-1.3600793501297013,0.8625296008473456,0.07223649237726623
0.1510000000000001,0.08202086517446554,1.576470588235294,1.576470588235294,0.05716973744458039,-1.0,-104.64820016191426,-1.2620958493190584,0.8612703046462438,0.07309831309959268
0.1520000000000001,0.08255372351456537,1.576470588235294,1.576470588235294,0.05716973744458039,-1.0,-181.64805761187134,-6.477669101872009,0.8548030542778,0.07395583514093002
0.1530000000000001,0.08308637816155885,1.576470588235294,1.576470588235294,0.05716973744458039,-1.0,-192.43710252146602,-10.568698499544253,0.8442435123885905,0.07480425694601167
0.1540000000000001,0.08361882780117358,1.588235294117647,1.576470588235294,0.05740091322003697,0.20760191340093376,-184.49121004612715,-11.168953784082158,0.8330843545719278,0.07564190935799459
0.1550000000000001,0.08415107111964303,1.588235294117647,1.576470588235294,0.05763620733768403,0.2179527212172172,-67.87935591878686,-10.764664989774392,0.822318312412678,0.0764687719806197
0.1560000000000001,0.08468310680370968,1.588235294117647,1.576470588235294,0.057871501455331084,0.2281738676492355,20.319086449967696,-4.635839995701283,0.8176801356077406,0.07728843879336468
0.1570000000000001,0.08521493354062841,1.588235294117647,1.576470588235294,0.05810679557297814,0.23826564798388217,33.91443143392524,0.027724743013553214,0.817706611814562,0.07810613286965748
0.1580000000000001,0.0857465500181696,1.588235294117647,1.576470588235294,0.058342089690625196,0.24822973796600917,26.773264652007672,0.7571665379666049,0.8184605130561986,0.07892428477021848
0.1590000000000001,0.08627795492462241,1.588235294117647,1.576470588235294,0.05857738380827225,0.25806809322966073,22.764905147997467,0.3745216028073846,0.8188446467220278,0.07974296785163303
0.16000000000000011,0.0868091469487981,1.588235294117647,1.576470588235294,0.05881267792591931,0.26778274018956,23.150787644475574,0.150902638003561,0.819003264540898,0.08056190571614004
0.16100000000000012,0.08734012478003314,1.588235294117647,1.576470588235294,0.05904797204356636,0.2773757063264265,24.95265147742732,0.15939099666117065,0.819164108477058,0.08138099323051438
0.16200000000000012,0.08787088710819248,1.588235294117647,1.576470588235294,0.05928326616121342,0.28684899719239876,26.741196342481413,0.2436226471482006,0.819411948026989,0.08220030818178124
0.16300000000000012,0.08840143262367291,1.588235294117647,1.576470588235294,0.059518560278860475,0.2962045890713786,28.32916610450715,0.3275489647707214,0.8197420072905014,0.0830199086033197
0.16400000000000012,0.08893176001740603,1.588235294117647,1.588235294117647,0.05952267958549899,-0.9719199272437941,29.825980646167093,0.4009136041338176,0.8201395643150254,0.08383984838194349
0.16500000000000012,0.0894618679808618,1.588235294117647,1.588235294117647,0.05952267958549899,-0.946026138721321,-86.48914335421462,0.4694201079690929,0.8206076707163913,0.08466022886541853
0.16600000000000012,0.08999175520605143,1.588235294117647,1.588235294117647,0.05952267958549899,-0.9205532684217722,-174.3670424073851,-5.66257716518779,0.8149503430842053,0.08547796286739426
0.16700000000000012,0.0905214203855309,1.588235294117647,1.588235294117647,0.05952267958549899,-0.8954986950892092,-182.7949098258147,-10.330428242296538,0.804633340830861,0.08628718627544593
0.16800000000000012,0.09105086221240406,1.588235294117647,1.588235294117647,0.05952267958549899,-0.8708573468373288,-169.12170588585468,-10.80892776977488,0.7938333674452107,0.08708547932924056
0.16900000000000012,0.09158007938032581,1.588235294117647,1.588235294117647,0.05952267958549899,-0.8466230106807492,-158.88577785210157,-10.102050228690462,0.7837272965024454,0.08787337812831951
0.17000000000000012,0.09210907058350538,1.588235294117647,1.588235294117647,0.05952267958549899,-0.8227891657221432,-153.45369993822507,-9.56971247974592,0.7741549967367355,0.08865152031036676
0.17100000000000012,0.09263783451670958,1.588235294117647,1.588235294117647,0.05952267958549899,-0.7993492612129637,-149.6423616150924,-9.291001395746317,0.7648638847329756,0.0894203620261879
0.17200000000000013,0.09316636987526598,1.588235294117647,1.588235294117647,0.05952267958549899,-0.77629680854985,-145.90934382146054,-9.098806031587626,0.7557661973886809,0.09018004458481538
0.17300000000000013,0.09369467535506609,1.588235294117647,1.588235294117647,0.05952267958549899,-0.7536254109201985,-142.05437425161756,-8.911070522498644,0.7468563765688538,0.09093072649381327
0.17400000000000013,0.0942227496525687,1.588235294117647,1.588235294117647,0.05952267958549899,-0.7313287720667395,-138.19119175334197,-8.716825142953256,0.7381406661008072,0.09167260579122134
0.17500000000000013,0.09475059146480293,1.6,1.588235294117647,0.05975385556016423,0.5679078192878845,-134.3783139585708,-8.522000874235498,0.7296197217144157,0.09240587939605854
0.17600000000000013,0.09527819948937159,1.6,1.588235294117647,0.05998914967781129,0.5726870132392948,-12.858495994518718,-8.329711285475435,0.72129105618409,0.09313074130037058
0.17700000000000013,0.09580557242445437,1.6,1.588235294117647,0.060224443795458354,0.5774312687149683,80.14106523394138,-1.9423866055123826,0.7193467028937365,0.09385093300942288
0.17800000000000013,0.09633270896881092,1.6,1.6,0.060228562048488664,-0.6952163330778893,93.61145993351705,2.9764932048416357,0.722320558447422,0.09457203918021459
0.17900000000000013,0.09685960782178425,1.6,1.6,0.060228562048488664,-0.6737754951757182,-32.881460013337254,3.7019330330551328,0.7260189471707236,0.09529655149288623
0.18000000000000013,0.0973862676833038,1.6,1.6,0.060228562048488664,-0.6526848070532645,-127.56410600056337,-2.961048231822564,0.7230696333794332,0.09602090758208136
0.18100000000000013,0.09791268725388871,1.6,1.6,0.060228562048488664,-0.6319409491278605,-138.03867270326333,-7.988642674340728,0.7150913603648553,0.0967392708073242
0.18200000000000013,0.09843886523465106,1.6,1.6,0.060228562048488664,-0.6115393853105545,-124.87092940785159,-8.575599436516956,0.7065253880649583,0.09744930955708186
0.18300000000000013,0.09896480032729896,1.6,1.6,0.060228562048488664,-0.5914748587136907,-115.10535024068413,-7.894769479066622,0.6986265065226777,0.098151191097706
0.18400000000000014,0.09949049123413985,1.6,1.6,0.060228562048488664,-0.5717419325916636,-110.33666262604189,-7.38622614430621,0.6912376799907431,0.09884549648008767
0.18500000000000014,0.10001593665808367,1.6,1.6,0.060228562048488664,-0.5523351706494951,-107.24317859831999,-7.141485506307126,0.6840961251889436,0.09953264478188613
0.18600000000000014,0.10054113530264608,1.6,1.6,0.060228562048488664,-0.5332491964802707,-104.22067926072755,-6.9862093610274165,0.677111226929914,0.10021283455613499
0.18700000000000014,0.10106608587195165,1.6,1.6,0.060228562048488664,-0.5144787125017887,-101.0530357548953,-6.835046734607362,0.6702774748998199,0.10088587967260894
0.18800000000000014,0.10159078707073699,1.6,1.6,0.060228562048488664,-0.49601850533320524,-97.86417708778619,-6.676181405798217,0.6636019333186007,0.10155238789095224
0.18900000000000014,0.10211523760435409,1.6,1.6,0.060228562048488664,-0.47786344664226466,-94.71860158830465,-6.516070107099275,0.6570871694682325,0.10221209431613941
0.19000000000000014,0.10263943617877334,1.6,1.6,0.060228562048488664,-0.46000849249000797,-91.63601698042116,-6.358149062053847,0.6507295650235893,0.10286557906231021
0.19100000000000014,0.10316338150058695,1.6,1.6,0.060228562048488664,-0.4424486821873424,-88.61213121963927,-6.203470327880708,0.6445274101517332,0.10351259880247489
0.19200000000000014,0.10368707227701186,1.6,1.6,0.060228562048488664,-0.42517913700325255,-85.639121295534,-6.051820536650434,0.6384761457150148,0.10415368295433866
0.19300000000000014,0.10421050721589316,1.6,1.6,0.060228562048488664,-0.40819505883829843,-82.71809771215723,-5.902784094706899,0.6325747008035261,0.10478862719112733
0.19400000000000014,0.10473368502570717,1.6,1.611764705882353,0.05999738427151511,-1.0,-79.84302760317769,-5.756423627716644,0.6268188362393131,0.10541791406515857
0.19500000000000015,0.10525660441556461,1.6,1.611764705882353,0.05976209015386805,-1.0,-133.12786647274288,-5.612419658315367,0.6212077728347888,0.10604137285988238
0.19600000000000015,0.10577926409521393,1.611764705882353,1.611764705882353,0.059758595741605705,-0.3257966262703472,-175.16124129130668,-8.42405917082297,0.6127906707995372,0.10665725376339198
0.19700000000000015,0.10630166277504431,1.611764705882353,1.611764705882353,0.059758595741605705,-0.3105400732676439,-118.91414114361848,-10.658956093448479,0.6021389825542045,0.10726338291094525
0.19800000000000015,0.10682379916608893,1.611764705882353,1.611764705882353,0.059758595741605705,-0.29553067276985356,-65.14014460349802,-7.718141590794067,0.5944186766543508,0.10786064896194256
0.19900000000000015,0.10734567198002813,1.611764705882353,1.611764705882353,0.059758595741605705,-0.2807680502960118,-53.05982034309981,-4.880170784680718,0.589536336111235,0.10845198967952131
0.20000000000000015,0.10786727992919265,1.611764705882353,1.611764705882353,0.059758595741605705,-0.266249009835272,-54.620383049310654,-4.237049321183259,0.585293352550029,0.1090391230258491
0.20100000000000015,0.10838862172656671,1.611764705882353,1.611764705882353,0.059758595741605705,-0.2519698210322664,-55.33961854088374,-4.323355345717393,0.580981773881906,0.10962226899478324
0.20200000000000015,0.10890969608579128,1.611764705882353,1.611764705882353,0.059758595741605705,-0.23792661836700854,-53.72037864053896,-4.3691640285306255,0.5766230904944302,0.11020107202443283
0.20300000000000015,0.10943050172116711,1.611764705882353,1.611764705882353,0.059758595741605705,-0.22411553423798872,-51.26330930758946,-4.291624463974942,0.5723292820389828,0.11077530154925126
0.20400000000000015,0.10995103734765813,1.611764705882353,1.611764705882353,0.059758595741605705,-0.21053274285859735,-48.80195321463371,-4.169283020391139,0.5681609768414047,0.11134514931772269
0.20500000000000015,0.11047130168089439,1.611764705882353,1.611764705882353,0.059758595741605705,-0.19717447426896684,-46.475918016872754,-4.046427307916717,0.5641151664522028,0.11191095274314382
0.20600000000000016,0.11099129343717541,1.611764705882353,1.611764705882353,0.059758595741605705,-0.18403701834178096,-44.230904901261,-3.930639513715705,0.5601798483394986,0.11247282615442816
0.20700000000000016,0.11151101133347317,1.611764705882353,1.611764705882353,0.059758595741605705,-0.1711167254453698,-42.02845612913379,-3.8190993327064438,0.5563633971945571,0.11303058173180948
0.20800000000000016,0.11203045408743548,1.611764705882353,1.611764705882353,0.059758595741605705,-0.15841000599752644,-39.85938062473633,-3.7097760200944774,0.5526537106274523,0.11358484235493704
0.20900000000000016,0.11254962041738889,1.611764705882353,1.611764705882353,0.059758595741605705,-0.145913329658528,-37.72471872861633,-3.602171632725708,0.549052784030227,0.11413534448856466
0.21000000000000016,0.11306850904234218,1.611764705882353,1.611764705882353,0.059758595741605705,-0.13362322441408253,-35.621087928394694,-3.4963423971942573,0.5455573833327838,0.11468239594131308
0.21100000000000016,0.11358711868198922,1.611764705882353,1.611764705882353,0.059758595741605705,-0.1215362756320662,-33.55719469391381,-3.392110731905431,0.542166297330711,0.11522601207883348
0.21200000000000016,0.11410544805671229,1.611764705882353,1.611764705882353,0.059758595741605705,-0.1096491251209826,-31.528439945279292,-3.2899352322957984,0.5388773781842315,0.11576629106943999
0.21300000000000016,0.11462349588758512,1.611764705882353,1.611764705882353,0.059758595741605705,-0.0979584701993394,-29.53497259437237,-3.1895775765765393,0.5356888231488569,0.11630333455255912
0.21400000000000016,0.11514126089637627,1.611764705882353,1.6235294117647059,0.05952741584716317,-1.0,-27.575696268622284,-3.0910456434880187,0.5325988036406736,0.11683724218042539
0.21500000000000016,0.11565874180555201,1.611764705882353,1.6235294117647059,0.05929212172951612,-1.0,-109.8880695481381,-2.994283044733679,0.5296055510966668,0.11736811182593593
0.21600000000000016,0.11617593733827963,1.611764705882353,1.6235294117647059,0.05905682761186906,-1.0,-174.03587968798638,-7.332725832890994,0.522280395722363,0.11789348341793496
0.21700000000000016,0.11669284621843058,1.6235294117647059,1.6235294117647059,0.05905271414835571,-0.0037884993290130536,-183.00138033202833,-10.738374861025186,0.5115487200196671,0.11840927397274527
0.21800000000000017,0.11720946717058357,1.6235294117647059,1.6235294117647059,0.05905271414835571,0.006031044747477898,-84.48207144832955,-11.234695290018932,0.5003211798209924,0.11891419416813606
0.21900000000000017,0.11772579892002778,1.6235294117647059,1.6235294117647059,0.05905271414835571,0.01569152593442258,-8.275297827452986,-6.058608330171164,0.49425873665891135,0.11941101833717427
0.22000000000000017,0.11824184019276594,1.6235294117647059,1.6235294117647059,0.05905271414835571,0.025193174848240976,4.267905348194302,-2.02694042573082,0.49222968557445174,0.11990408324917078
0.22100000000000017,0.11875758971551749,1.6235294117647059,1.6235294117647059,0.05905271414835571,0.03453804774988779,-1.3607364854416604,-1.3519260721408257,0.4908730530887153,0.12039550516113545
0.22200000000000017,0.11927304621572175,1.6235294117647059,1.6235294117647059,0.05905271414835571,0.043728545340910585,-4.56857131648175,-1.650952936307937,0.4892284909132638,0.12088540295431965
0.22300000000000017,0.11978820842154105,1.6235294117647059,1.6235294117647059,0.05905271414835571,0.052767155493364734,-4.0835783826644985,-1.8276746276194598,0.48740582731708304,0.12137354876618305
0.22400000000000017,0.12030307506186388,1.6235294117647059,1.6235294117647059,0.05905271414835571,0.06165636747758246,-2.3910063561125967,-1.8093747802869398,0.48559447229387265,0.12186001572479457
0.22500000000000017,0.12081764486630799,1.6235294117647059,1.6235294117647059,0.05905271414835571,0.07039864367024737,-0.7089464511197179,-1.7264679721764862,0.4838689642422877,0.12234458641359224
0.22600000000000017,0.12133191656522349,1.6235294117647059,1.6235294117647059,0.05905271414835571,0.07899641052292045,0.7951580577298746,-1.6437523411157826,0.4822261406888619,0.12282747942130616
0.22700000000000017,0.12184588888969611,1.6235294117647059,1.6235294117647059,0.05905271414835571,0.08745205597941307,2.2140313457996084,-1.570384348023024,0.4806511257114015,0.1233089120171527
0.22800000000000017,0.12235956057155026,1.6235294117647059,1.6235294117647059,0.05905271414835571,0.09576792904753301,3.604633247698568,-1.5015293226235675,0.47915213679912133,0.12378867514648503
0.22900000000000018,0.12287293034335209,1.6235294117647059,1.6235294117647059,0.05905271414835571,0.10394634008577056,4.97999967037072,-1.434166697670944,0.4777189064234629,0.12426697353079454
0.23000000000000018,0.12338599693841275,1.6235294117647059,1.6235294117647059,0.05905271414835571,0.11198956132252781,6.3344433856252165,-1.3675969322149846,0.4763474582129905,0.12474399821656744
0.23100000000000018,0.1238987590907914,1.6235294117647059,1.6235294117647059,0.05905271414835571,0.1198998274463052,7.665773801869006,-1.3021133327853007,0.47504783758164304,0.12521957053446542
0.23200000000000018,0.12441121553529838,1.6235294117647059,1.6235294117647059,0.05905271414835571,0.12767933621279504,8.97211193319507,-1.2378367355465147,0.4738054257385077,0.1256939950866483
0.23300000000000018,0.1249233650074984,1.6235294117647059,1.6235294117647059,0.05905271414835571,0.1353302490508769,10.25748658192202,-1.1748639368936455,0.47263285735833277,0.12616706582741297
0.23400000000000018,0.12543520624371354,1.6235294117647059,1.6235294117647059,0.05905271414835571,0.1428546916615927,11.521160153830145,-1.1129867173785806,0.47152042344110845,0.12663903338416857
0.23500000000000018,0.12594673798102643,1.6235294117647059,1.6235294117647059,0.05905271414835571,0.15025475460822377,12.763897925641732,-1.0522442389426705,0.4704652175132871,0.12711001198044192
0.23600000000000018,0.12645795895728332,1.6235294117647059,1.6352941176470588,0.058821532291278227,-1.0,13.983841340758808,-0.9925949009487575,0.4694750665848747,0.12757988375029555
0.23700000000000018,0.1269688679110973,1.6235294117647059,1.6352941176470588,0.05858623817363117,-1.0,-91.55551929198185,-0.9341394267648674,0.46853682959797316,0.1280488871817305
0.23800000000000018,0.1274794635818513,1.6235294117647059,1.6352941176470588,0.058350944055984115,-1.0,-173.39749211366552,-6.494447554702355,0.46204534325811947,0.12851411586415906
0.23900000000000018,0.12798974470970131,1.6352941176470588,1.6352941176470588,0.05834683260634856,0.2279623582536635,-184.7971620505759,-10.836991613687578,0.45121824485714823,0.12896947997619382
0.24000000000000019,0.12849971003557933,1.6352941176470588,1.6352941176470588,0.05834683260634856,0.23383678357731164,-63.09515996676968,-11.465563481350427,0.4397595436593873,0.1294138585759553
0.2410000000000002,0.12900935830119659,1.6352941176470588,1.6352941176470588,0.05834683260634856,0.23961549131852083,30.39669025911525,-5.0692703547236055,0.4346847617914651,0.1298507602601015
0.2420000000000002,0.12951868824904667,1.6352941176470588,1.6352941176470588,0.05834683260634856,0.24529916238424881,44.83214840808473,-0.12069244988012771,0.4345598501268369,0.13028537018041234
0.2430000000000002,0.13002769862240862,1.6352941176470588,1.6352941176470588,0.05834683260634856,0.25088904475404084,36.77792872784698,0.659476454675771,0.43521999761912955,0.130720318621178
0.2440000000000002,0.13053638816534985,1.6352941176470588,1.6352941176470588,0.05834683260634856,0.2563865804947354,31.774160484665867,0.23405649534362408,0.4354616306552828,0.13115568726546512
0.2450000000000002,0.13104475562272955,1.6352941176470588,1.6352941176470588,0.05834683260634856,0.2617932598111045,31.37482098219739,-0.03716207052704208,0.4354299630548908,0.13159113133842867
0.2460000000000002,0.13155279974020148,1.6352941176470588,1.6352941176470588,0.05834683260634856,0.26711057240169195,32.48996563596253,-0.06523432596044769,0.43537228909910375,0.1320265319148022
0.2470000000000002,0.13206051926421736,1.6352941176470588,1.6352941176470588,0.05834683260634856,0.27233999142783943,33.60609649060778,-0.012317894245456347,0.4353604659950049,0.13246189689427842
0.2480000000000002,0.13256791294202971,1.6352941176470588,1.6352941176470588,0.05834683260634856,0.2774829684104776,34.517970877994394,0.04107682979045572,0.4353991679273358,0.1328972761049163
0.2490000000000002,0.13307497952169506,1.6352941176470588,1.6352941176470588,0.05834683260634856,0.28254093178555617,35.339559062264094,0.08372331679297555,0.435485098419889,0.1333327280481534
0.25000000000000017,0.13358171775207703,1.6352941176470588,1.6352941176470588,0.05834683260634856,0.2875152866814933,36.14416403112347,0.12156055052531162,0.4356042869648035,0.1337682727444749
0.25100000000000017,0.1340881263828494,1.6352941176470588,1.6352941176470588,0.05834683260634856,0.2924072769015696,36.942469805022554,0.15847692027497468,0.4357649676170692,0.13420397552082536
0.25200000000000017,0.13459420416449924,1.6352941176470588,1.6352941176470588,0.05834683260634856,0.2972182131959756,37.73123896363331,0.19505519277137337,0.43595783814394434,0.13463983742014965
0.25300000000000017,0.13509994984832993,1.6352941176470588,1.6352941176470588,0.05834683260634856,0.3019495389696956,38.50466412797851,0.2311270089360072,0.4361911683219765,0.1350759382082868
0.25400000000000017,0.13560536218646424,1.6352941176470588,1.6352941176470588,0.05834683260634856,0.3066026210221473,39.267186789713065,0.2663860480650691,0.43645552763223733,0.1355122625774927
0.25500000000000017,0.13611043993184752,1.6352941176470588,1.6352941176470588,0.05834683260634856,0.31117878821173356,40.01548184167576,0.30106323931287626,0.4367587965687569,0.13594890379170185
0.25600000000000017,0.13661518183825055,1.6352941176470588,1.6352941176470588,0.05834683260634856,0.31567932082183003,40.7498621602455,0.33498521632550726,0.4370918759074443,0.13638583065705698
0.2570000000000002,0.13711958666027296,1.6352941176470588,1.6352941176470588,0.05834683260634856,0.3201054709619023,41.47092212278614,0.3681661494086131,0.4374622530587936,0.13682314909003765
0.2580000000000002,0.13762365315334593,1.6352941176470588,1.6352941176470588,0.05834683260634856,0.32445846618604046,42.179743895838584,0.40063801580033703,0.4378610833706003,0.13726081275293528
0.2590000000000002,0.13812738007373548,1.6352941176470588,1.6352941176470588,0.05834683260634856,0.32873951416971825,42.875810836226044,0.4324564123575179,0.43829577214758497,0.13769893832853394
0.2600000000000002,0.13863076617854558,1.6470588235294117,1.6352941176470588,0.05857338941169061,1.0,43.55939664164846,0.4635952282878755,0.43875742095038406,0.13813746676804897
0.2610000000000002,0.13913381022572097,1.6470588235294117,1.6352941176470588,0.058809256319061566,1.0,105.74062242310366,0.49406778776245863,0.4392481403345985,0.1385764696592307
0.2620000000000002,0.13963651097405053,1.6470588235294117,1.6470588235294117,0.05881305951996933,0.3082297586303143,153.48104437887176,3.7611608724749748,0.4430113840556804,0.13901811657159796
0.2630000000000002,0.14013886718317012,1.6470588235294117,1.6470588235294117,0.05881307637236381,0.3128404071863715,96.23917563940992,6.285201719303672,0.4492994362530774,0.13946432590064856
0.2640000000000002,0.14064087761356575,1.6470588235294117,1.6470588235294117,0.05881307637236381,0.3173744732384793,42.45837018098514,3.279984191171367,0.45258756271223693,0.1399156994999214
0.2650000000000002,0.14114254102657653,1.6470588235294117,1.6470588235294117,0.05881307637236381,0.321846174820741,33.13244086425251,0.42780511162165524,0.45302243145998905,0.1403685637873985
0.2660000000000002,0.1416438561843979,1.6470588235294117,1.6470588235294117,0.05881307637236381,0.32624738728211167,38.21086334890886,-0.08388280059412276,0.4529485068297871,0.14082154478192244
0.2670000000000002,0.14214482185008454,1.6470588235294117,1.6470588235294117,0.05881307637236381,0.33057617640364967,42.28773422111751,0.17485653488519745,0.4531225001876658,0.14127459756887475
0.2680000000000002,0.14264543678755348,1.6470588235294117,1.6470588235294117,0.05881307637236381,0.33483351993075,43.81299237917773,0.38493487805145404,0.45350699164894864,0.1417279516517657
0.2690000000000002,0.14314569976158711,1.6470588235294117,1.6470588235294117,0.05881307637236381,0.33902052597037524,44.395541372121585,0.4604595831489082,0.4539634319501373,0.14218169322757504
0.2700000000000002,0.14364560953783623,1.6470588235294117,1.6470588235294117,0.05881307637236381,0.3431383327719359,44.918714958812025,0.4856544452075957,0.4544513913196305,0.142635954208297
0.2710000000000002,0.14414516488282322,1.6470588235294117,1.6470588235294117,0.05881307637236381,0.34718807601367796,45.53310548256127,0.507454010666159,0.4549555643720599,0.14309066775733933
0.2720000000000002,0.14464436456394494,1.6470588235294117,1.6470588235294117,0.05881307637236381,0.3511708780462298,46.18273675987648,0.5340303274837579,0.45548639873369845,0.1435458895074576
0.2730000000000002,0.14514320734947578,1.6470588235294117,1.6470588235294117,0.05881307637236381,0.3550878444929767,46.82242743995161,0.5624790198486772,0.45605116262877216,0.144001722773452
0.2740000000000002,0.14564169200857072,1.6470588235294117,1.6470588235294117,0.05881307637236381,0.35894006331312023,47.44664899341445,0.590408121609047,0.4566391293823299,0.14445807283984777
0.2750000000000002,0.1461398173112684,1.6470588235294117,1.6470588235294117,0.05881307637236381,0.3627286046869096,48.0578030564001,0.6175121548532511,0.45725899338115217,0.1449150863285996
0.2760000000000002,0.14663758202849428,1.6470588235294117,1.6470588235294117,0.05881307637236381,0.3664545211731778,48.65736763663045,0.6439170441321422,0.4579013830810541,0.14537267816241586
0.2770000000000002,0.14713498493206326,1.6470588235294117,1.6470588235294117,0.05881307637236381,0.37011884795491956,49.24688424451992,0.6696994078266615,0.4585734156253962,0.1458309882232654
0.2780000000000002,0.14763202479468318,1.6470588235294117,1.6470588235294117,0.05881307637236381,0.373722603111194,49.826705004590444,0.6949419900830867,0.4592672279944346,0.14628992533373383
0.2790000000000002,0.1481287003899576,1.6470588235294117,1.6470588235294117,0.05881307637236381,0.3772667878947179,50.396233038208855,0.7196618917721377,0.4599892263207072,0.1467496320261115
0.2800000000000002,0.14862501049238883,1.6470588235294117,1.6470588235294117,0.05881307637236381,0.38075238700828545,50.95410975890609,0.7438290772897638,0.4607320832284011,0.14721001115108118
0.2810000000000002,0.14912095387738106,1.6470588235294117,1.6470588235294117,0.05881307637236381,0.384180368877762,51.503339061920144,0.7673699335790541,0.461501796878076,0.14767121172149034
0.2820000000000002,0.14961652932124328,1.6470588235294117,1.6470588235294117,0.05881307637236381,0.3875516859209508,52.04124505757823,0.7904436439678346,0.4622887714471371,0.14813312238034673
0.2830000000000002,0.15011173560119234,1.6588235294117646,1.6470588235294117,0.059044259680018765,1.0,52.57021361510305,0.8129092208476945,0.46309761073430994,0.1485958179234699
0.2840000000000002,0.15060657149535597,1.6588235294117646,1.6470588235294117,0.059279553797665814,1.0,109.25994317279697,0.8348910679881203,0.4639291403959909,0.14905933269119687
0.2850000000000002,0.15110103578277578,1.6588235294117646,1.6470588235294117,0.05951484791531287,1.0,152.81048773352077,3.8126119465284054,0.46774216860373147,0.14952544750239166
0.2860000000000002,0.15159512724341032,1.6588235294117646,1.6588235294117646,0.05951895953994692,0.35111638231083253,158.78213852832351,6.114295449239378,0.47385525676121204,0.14999704742048306
0.2870000000000002,0.15208884465813802,1.6588235294117646,1.6588235294117646,0.05951895953994692,0.35513723864921126,94.39403700327968,6.434545983414167,0.4802867971034991,0.1504745159491037
0.2880000000000002,0.15258218680876023,1.6588235294117646,1.6588235294117646,0.05951895953994692,0.35910019554884665,45.61481431661304,3.041232729820522,0.4833342115076214,0.1509566118227734
0.2890000000000002,0.15307515247800418,1.6588235294117646,1.6588235294117646,0.05951895953994692,0.36300083513585335,39.132626522996205,0.44986037692269776,0.4837898051260857,0.15144023639098034
0.2900000000000002,0.15356774044952623,1.6588235294117646,1.6588235294117646,0.05951895953994692,0.3668382396752257,44.59021125726022,0.0888246248020566,0.4838872501844192,0.15192408712782238
0.2910000000000002,0.15405994950791438,1.6588235294117646,1.6588235294117646,0.05951895953994692,0.3706126874290244,48.363405626464406,0.3679217845462236,0.48425447727635235,0.15240819408407938
0.2920000000000002,0.1545517784386918,1.6588235294117646,1.6588235294117646,0.05951895953994692,0.3743249259872545,49.65032123620446,0.5617317329937991,0.48481597418795985,0.15289278504561124
0.2930000000000002,0.15504322602831944,1.6588235294117646,1.6588235294117646,0.05951895953994692,0.3779758704843231,50.10943440613702,0.6242319461019724,0.48543721622946756,0.15337791830448436
0.2940000000000002,0.15553429106419925,1.6588235294117646,1.6588235294117646,0.05951895953994692,0.3815664905783228,50.55177430649671,0.6424648262535608,0.4860821574524701,0.1538637471329523
0.2950000000000002,0.15602497233467708,1.6588235294117646,1.6588235294117646,0.05951895953994692,0.38509776667492013,51.08437210281017,0.6595747659618335,0.48673972799255455,0.1543501705934124
0.2960000000000002,0.15651526862904566,1.6588235294117646,1.6588235294117646,0.05951895953994692,0.38857067329304557,51.6482344155986,0.6814211257141154,0.48741868970592017,0.15483725085003472
0.2970000000000002,0.1570051787375476,1.6588235294117646,1.6588235294117646,0.05951895953994692,0.39198617281613934,52.202029739770595,0.7049284117368068,0.4881260667063785,0.15532510324080567
0.2980000000000002,0.15749470145137845,1.6588235294117646,1.6588235294117646,0.05951895953994692,0.3953452132496381,52.74238714267469,0.7279067363481732,0.48885092573495353,0.15581360529944677
0.2990000000000002,0.15798383556268955,1.6588235294117646,1.6588235294117646,0.05951895953994692,0.3986487275175354,53.270421296434414,0.7501661705259965,0.4895971133819186,0.1563028318063373
0.3000000000000002,0.1584725798645911,1.6588235294117646,1.6588235294117646,0.05951895953994692,0.4018976333492337,53.79029620081197,0.7717640011277052,0.49036626782086856,0.15679281378095503
0.3010000000000002,0.15896093315115514,1.6588235294117646,1.6588235294117646,0.05951895953994692,0.4050928333911171,54.29931184801014,0.7929182188968686,0.49116167357292007,0.15728366459076018
0.3020000000000002,0.15944889421741848,1.6588235294117646,1.6588235294117646,0.05951895953994692,0.4082352154021135,54.79964025476054,0.8134896620696124,0.49197256935121425,0.15777524698749376
0.3030000000000002,0.15993646185938565,1.6588235294117646,1.6588235294117646,0.05951895953994692,0.411325652479082,55.29229690279609,0.8335909084359763,0.49280300233076924,0.1582676368146009
0.3040000000000002,0.16042363487403202,1.6588235294117646,1.6588235294117646,0.05951895953994692,0.4143650032912078,55.77552005899156,0.8532741056968793,0.49365862007462974,0.15876098195997454
0.3050000000000002,0.1609104120593066,1.6705882352941177,1.6588235294117646,0.05975014265326927,1.0,56.249631475998115,0.8724494200528242,0.4945312400966249,0.15925508201574778
0.3060000000000002,0.16139679221413503,1.6705882352941177,1.6588235294117646,0.059985436770916334,1.0,110.44189856304175,0.8911304701645767,0.49542490389025856,0.15975015407256138
0.3070000000000002,0.1618827741384226,1.6705882352941177,1.6588235294117646,0.0602207308885634,1.0,152.08408346611458,3.7369941005847482,0.4991610777674611,0.16024788583968802
0.3080000000000002,0.16236835663305738,1.6705882352941177,1.6588235294117646,0.06045602500621046,1.0,157.79465585394388,5.937152532986508,0.5050980916740867,0.16075081408288863
0.3090000000000002,0.16285353849991266,1.6705882352941177,1.6705882352941177,0.06046013739427387,0.36360732567203896,153.43894017332164,6.242737580104127,0.5113380455176325,0.161259429323428
0.3100000000000002,0.16333831854185052,1.6705882352941177,1.6705882352941177,0.06046013739427387,0.367577457573124,91.90442909456078,6.008478575672089,0.5173524294867304,0.16177414640385288
0.3110000000000002,0.16382269556272433,1.6705882352941177,1.6705882352941177,0.06046013739427387,0.37149041959204443,46.275616173765904,2.761969007490814,0.520120753036607,0.1622931749311435
0.3120000000000002,0.164306668367382,1.6705882352941177,1.6705882352941177,0.06046013739427387,0.37534185011265253,40.641753357440464,0.3367160785733163,0.5204630062333088,0.16281351393294927
0.3130000000000002,0.1647902357616687,1.6705882352941177,1.6705882352941177,0.06046013739427387,0.3791308430804503,46.00246774551952,0.020742475615345334,0.5204920806089361,0.1633339967017142
0.3140000000000002,0.16527339655242998,1.6705882352941177,1.6705882352941177,0.06046013739427387,0.38285767338306365,49.618718582856694,0.2945195064783445,0.5207861655290081,0.16385466348580482
0.3150000000000002,0.16575614954751464,1.6705882352941177,1.6705882352941177,0.06046013739427387,0.3865230792444272,50.84973487783963,0.4795836110953526,0.5212657531928702,0.1643757355225841
0.3160000000000002,0.16623849355577758,1.6705882352941177,1.6705882352941177,0.06046013739427387,0.3901279642880857,51.306551691135574,0.5386390628589823,0.5218018067492821,0.16489727453750294
0.3170000000000002,0.16672042738708295,1.6705882352941177,1.6705882352941177,0.06046013739427387,0.39367328595516216,51.75025774322335,0.556277597740923,0.5223607679985566,0.1654194135883219
0.3180000000000002,0.16720194985230696,1.6705882352941177,1.6705882352941177,0.06046013739427387,0.3971600122900997,52.27921197385214,0.5730020684817886,0.5229320001952985,0.16594207035532527
0.31900000000000023,0.16768305976334075,1.6705882352941177,1.6705882352941177,0.06046013739427387,0.400589105520781,52.836858121627785,0.5942015127607874,0.5235255163036422,0.16646530712421076
0.32000000000000023,0.16816375593309346,1.6705882352941177,1.6705882352941177,0.06046013739427387,0.40396151589085055,53.38584181577273,0.6169266739126726,0.5241451516698723,0.16698920491716374
0.32100000000000023,0.16864403717549506,1.6705882352941177,1.6705882352941177,0.06046013739427387,0.40727817944652134,53.92150789296333,0.6391971466055366,0.5247812645308777,0.16751367946617324
0.32200000000000023,0.16912390230549934,1.6705882352941177,1.6705882352941177,0.06046013739427387,0.41054001734247114,54.44601860448051,0.6607558456951357,0.5254441182310794,0.16803885806720167
0.32300000000000023,0.1696033501390868,1.6705882352941177,1.6705882352941177,0.06046013739427387,0.4137479357303261,54.95987987837003,0.6817163648926884,0.5261234109605125,0.16856465412780827
0.32400000000000023,0.17008237949326754,1.6705882352941177,1.6705882352941177,0.06046013739427387,0.41690282586891325,55.464675620214024,0.702105121627384,0.5268222851244125,0.169091128895566
0.32500000000000023,0.1705609891860843,1.6705882352941177,1.6705882352941177,0.06046013739427387,0.42000556431739344,55.95970439523597,0.7220052560076053,0.5275412309658872,0.16961831172914954
0.32600000000000023,0.1710391780366152,1.6705882352941177,1.6705882352941177,0.06046013739427387,0.4230570131578214,56.447904017905664,0.7413790647682006,0.5282853590329396,0.17014629770085823
0.32700000000000023,0.1715169448649768,1.6705882352941177,1.6705882352941177,0.06046013739427387,0.42605802022658984,56.92593166641245,0.7603824303301561,0.5290432408399026,0.17067497483422142
0.32800000000000024,0.17199428849232695,1.6823529411764706,1.6705882352941177,0.06069131982985955,1.0,57.396773022824185,0.7788393810388626,0.5298195473454352,0.17120440817079818
0.32900000000000024,0.1724712077408677,1.6823529411764706,1.6705882352941177,0.06092661394750661,1.0,110.51075488209436,0.7969053681415769,0.5306166492839833,0.17173465825398332
0.33000000000000024,0.1729477014338482,1.6823529411764706,1.6823529411764706,0.06093064731166278,0.40155239347224897,151.32269568568225,3.585581904806188,0.5342055999397701,0.17226710667249054
0.33100000000000024,0.1734237683955676,1.6823529411764706,1.6823529411764706,0.06093064731166278,0.40497482638662363,101.73719515706922,5.741308349112685,0.5399451850032572,0.17280489939106097
0.33200000000000024,0.17389940745137808,1.6823529411764706,1.6823529411764706,0.06093064731166278,0.4083480313406304,55.204032565192364,3.1359794235997596,0.5430883184574772,0.17334682521226966
0.33300000000000024,0.17437461742768745,1.6823529411764706,1.6823529411764706,0.06093064731166278,0.4116682143713002,47.07401824927031,0.6662195331526767,0.5437616315578137,0.17389033842869805
0.33400000000000024,0.17484939715196243,1.6823529411764706,1.6823529411764706,0.06093064731166278,0.4149345883121455,51.372833004477414,0.2183496672780036,0.5439898368017383,0.17443423845789438
0.33500000000000024,0.17532374545273122,1.6823529411764706,1.6823529411764706,0.06093064731166278,0.4181473815268443,54.80052802231134,0.43525403889218134,0.54442500547385,0.17497848665516064
0.33600000000000024,0.17579766115958648,1.6823529411764706,1.6823529411764706,0.06093064731166278,0.4213072263298272,56.02608957651599,0.6098033257856347,0.545035164801193,0.17552327468833825
0.33700000000000024,0.17627114310318837,1.6823529411764706,1.6823529411764706,0.06093064731166278,0.4244148995502531,56.439039272713224,0.6682232430362806,0.5457008921215759,0.17606864876293327
0.33800000000000024,0.17674419011526726,1.6823529411764706,1.6823529411764706,0.06093064731166278,0.4274712255625023,56.80378405763657,0.6832548936072915,0.5463869621648235,0.17661476218438849
0.33900000000000025,0.17721680102862666,1.6823529411764706,1.6823529411764706,0.06093064731166278,0.43047703842671203,57.24990344974882,0.6955137106031114,0.5470817877634778,0.17716150876680925
0.34000000000000025,0.17768897467714612,1.6823529411764706,1.6823529411764706,0.06093064731166278,0.43343316744710547,57.7254540029998,0.7120324486949694,0.5477939157764314,0.17770895322477948
0.34100000000000025,0.17816070989578411,1.6823529411764706,1.6823529411764706,0.06093064731166278,0.4363404317134313,58.19432960713969,0.7301131457669388,0.5485268605260132,0.17825718716918829
0.34200000000000025,0.17863200552058087,1.6823529411764706,1.6823529411764706,0.06093064731166278,0.4391996381281133,58.65141185679022,0.7478427557229276,0.5492728372233355,0.1788060999860506
0.34300000000000025,0.17910286038866124,1.6823529411764706,1.6823529411764706,0.06093064731166278,0.44201158077859487,59.09852048933991,0.7649404922797537,0.5500382582802279,0.1793557937561745
0.34400000000000025,0.17957327333823775,1.6823529411764706,1.6823529411764706,0.06093064731166278,0.44477704082830555,59.53805943104976,0.7815002323792779,0.5508225995029359,0.17990630304019922
0.34500000000000025,0.18004324320861312,1.6823529411764706,1.6823529411764706,0.06093064731166278,0.4474967866061077,59.97036388678817,0.7976501575540914,0.5516187538895849,0.18045753753626614
0.34600000000000025,0.1805127688401835,1.6823529411764706,1.6823529411764706,0.06093064731166278,0.45017157377039124,60.394518424188405,0.813407450095592,0.5524326221737871,0.1810095844827098
0.34700000000000025,0.18098184907444098,1.6823529411764706,1.6823529411764706,0.06093064731166278,0.4528021454999185,60.80993612094364,0.8287231434472249,0.5532642215123975,0.1815625137350881
0.34800000000000025,0.18145048275397668,1.6823529411764706,1.6823529411764706,0.06093064731166278,0.45538923269291764,61.218199478484735,0.8435675444523134,0.5541064446836451,0.18211621315156268
0.34900000000000025,0.18191866872248375,1.6823529411764706,1.6823529411764706,0.06093064731166278,0.457933554167299,61.619730409641996,0.8580229100251126,0.5549627235383472,0.18267074946398645
0.35000000000000026,0.18238640582475968,1.6823529411764706,1.6941176470588235,0.0606994651951214,-0.8169250923906596,62.01332569342802,0.8721105782349341,0.5558372493660284,0.18322622529480162
0.35100000000000026,0.18285369290670977,1.6823529411764706,1.6941176470588235,0.06046417107747434,-0.7976953076669652,-55.3859853394333,0.8857689949486239,0.5567233103767981,0.1837825130232126
0.35200000000000026,0.18332052881534952,1.6941176470588235,1.6941176470588235,0.060457831837348895,0.4986668197570992,-144.34761627495078,-5.300056769694717,0.5514267511229112,0.18433653745173026
0.35300000000000026,0.1837869123988078,1.6941176470588235,1.6941176470588235,0.060457831837348895,0.5004030738327777,-36.0421677747616,-10.021705548789551,0.541415987066449,0.18488182324994545
0.35400000000000026,0.18425284250632942,1.6941176470588235,1.6941176470588235,0.060457831837348895,0.5021108647268921,65.92069629409318,-4.353282048178923,0.5370614949275581,0.18542082886979055
0.35500000000000026,0.18471831798827823,1.6941176470588235,1.6941176470588235,0.060457831837348895,0.5037906590489717,84.97163880658005,1.0360287687480472,0.5380928877879093,0.18595848748634888
0.35600000000000026,0.1851833376961397,1.6941176470588235,1.6941176470588235,0.060457831837348895,0.505442915759214,77.10676152456158,2.0601462858501813,0.540154090321158,0.1864977529497885
0.35700000000000026,0.18564790048252397,1.6941176470588235,1.6941176470588235,0.060457831837348895,0.5070680862938783,71.06431079857306,1.6446706344944426,0.5418072797851078,0.18703888515214018
0.35800000000000026,0.18611200520116847,1.6941176470588235,1.6941176470588235,0.060457831837348895,0.5086666146886301,69.74656240978888,1.3175157768709487,0.5431314964393058,0.1875814777817739
0.35900000000000026,0.18657565070694102,1.6941176470588235,1.6941176470588235,0.060457831837348895,0.5102389376998613,70.16237582154065,1.2394754154344334,0.5443813748572932,0.18812524078298234
0.36000000000000026,0.18703883585584236,1.6941176470588235,1.6941176470588235,0.060457831837348895,0.5117854849240231,70.65889662588746,1.253968216403697,0.54563620576667,0.18867033424126603
0.36100000000000027,0.18750155950500919,1.6941176470588235,1.6941176470588235,0.060457831837348895,0.5133066789150018,70.9605806042445,1.2731796902093024,0.5469122031839464,0.1892167359865087
0.36200000000000027,0.18796382051271693,1.6941176470588235,1.6941176470588235,0.060457831837348895,0.514802935299571,71.17350188950758,1.2821473335171871,0.5481943817765258,0.18976431123343496
0.36300000000000027,0.1884256177383825,1.6941176470588235,1.6941176470588235,0.060457831837348895,0.5162746628909505,71.37589900357447,1.2863739692487455,0.5494825588775384,0.19031315044629907
0.36400000000000027,0.18888695004256714,1.6941176470588235,1.6941176470588235,0.060457831837348895,0.517722263800504,71.5826579483864,1.2900060015499109,0.5507739495174825,0.19086327902940256
0.36500000000000027,0.18934781628697928,1.6941176470588235,1.6941176470588235,0.060457831837348895,0.5191461335476057,71.79024554482694,1.2938481987467285,0.5520691858838572,0.19141473727332448
0.36600000000000027,0.1898082153344772,1.6941176470588235,1.6941176470588235,0.060457831837348895,0.5205466611677058,71.9945035779447,1.297717957335251,0.553369691733141,0.1919675948984875
0.36700000000000027,0.19026814604907208,1.6941176470588235,1.6941176470588235,0.060457831837348895,0.5219242293186238,72.19416783020552,1.3013976034509718,0.5546726896635843,0.19252168696090016
0.36800000000000027,0.19072760729593055,1.6941176470588235,1.6941176470588235,0.060457831837348895,0.5232792143851004,72.39018902546316,1.3048174612716936,0.5559799154034966,0.1930771669163177
0.36900000000000027,0.1911865979413777,1.6941176470588235,1.6941176470588235,0.060457831837348895,0.5246119865816348,72.58203231661349,1.3080282502955833,0.5572894933114415,0.19363395630389565
0.3700000000000003,0.19164511685289973,1.6941176470588235,1.7058823529411764,0.060222537719701826,-0.7510997586181445,72.77092645016154,1.31100005135287,0.5586023902150953,0.19419221246617588
0.3710000000000003,0.19210316289914683,1.6941176470588235,1.7058823529411764,0.05998724360205477,-0.7330296694878293,-44.80017976861198,1.3138030045500213,0.5599182188458769,0.19475150045700668
0.3720000000000003,0.19256073494993586,1.6941176470588235,1.7058823529411764,0.059751949484407714,-0.7152952924677247,-133.93281178259826,-4.881147044033372,0.5550461859856352,0.19530868351801509
0.3730000000000003,0.19301783187625332,1.6941176470588235,1.7058823529411764,0.05951665536676066,-0.6978923295300699,-143.61876253329078,-9.611881774904495,0.545443391722114,0.1958580920834483
0.3740000000000003,0.19347445255025797,1.6941176470588235,1.7058823529411764,0.0592813612491136,-0.6808157218296418,-131.19951050885874,-10.153455627818127,0.5352981908994233,0.19639755070478465
0.3750000000000003,0.1939305958452837,1.6941176470588235,1.7058823529411764,0.05904606713146655,-0.6640602152939798,-122.20138234786893,-9.509446138462087,0.5257842144130149,0.19692725063544145
0.3760000000000003,0.1943862606358422,1.7058823529411764,1.7058823529411764,0.05904195690324513,0.6297020200070848,-117.9981745610303,-9.039134303277613,0.5167420098602652,0.19744774588406516
0.3770000000000003,0.19484144579762594,1.7058823529411764,1.7058823529411764,0.05904195690324513,0.6290548834732991,2.3946257490179343,-8.821983000832976,0.5079193655524368,0.1979594400992154
0.3780000000000003,0.19529615020751082,1.7058823529411764,1.7058823529411764,0.05904195690324513,0.6284170647059624,94.2730780363726,-2.490969074266799,0.5054252521962301,0.19846596469452324
0.3790000000000003,0.19575037274355886,1.7058823529411764,1.7058823529411764,0.05904195690324513,0.6277892752604065,106.82296508693781,2.371491850412765,0.5077923163894115,0.19897278611277955
0.3800000000000003,0.19620411228502113,1.7058823529411764,1.7058823529411764,0.05904195690324513,0.6271716629427717,97.27905755291904,3.051079197795886,0.5108389609732181,0.19948234739848839
0.3810000000000003,0.19665736771234044,1.7058823529411764,1.7058823529411764,0.05904195690324513,0.6265641831027514,91.11193388903337,2.545807421465016,0.5133930304019634,0.19999468522998246
0.3820000000000003,0.19711013790715404,1.7058823529411764,1.7058823529411764,0.05904195690324513,0.6259667154838109,89.67556996639699,2.211992315582783,0.5156118577457373,0.20050938914164554
0.3830000000000003,0.19756242175229646,1.7058823529411764,1.7058823529411764,0.05904195690324513,0.6253791128331969,89.7812936862511,2.1280376502479905,0.5177504491970765,0.2010260795458795
0.3840000000000003,0.19801421813180237,1.7058823529411764,1.7058823529411764,0.05904195690324513,0.624801219104761,89.89870011164687,2.1265325376369053,0.5198794615301404,0.2015448948247972
0.3850000000000003,0.19846552593090905,1.7058823529411764,1.7058823529411764,0.05904195690324513,0.6242328765140102,89.82534781082444,2.1260497595651775,0.5220072216364247,0.20206583829166386
0.3860000000000003,0.19891634403605932,1.7058823529411764,1.7058823529411764,0.05904195690324513,0.6236739282198451,89.67853184156561,2.1155062084568255,0.5241265582528728,0.20258890510351463
0.3870000000000003,0.1993666713349044,1.7058823529411764,1.7058823529411764,0.05904195690324513,0.6231242193324902,89.53108979091807,2.101017008105742,0.5262328730107266,0.20311408471466244
0.3880000000000003,0.19981650671630644,1.7058823529411764,1.7058823529411764,0.05904195690324513,0.622583597275433,89.39405417887257,2.0864480185985035,0.5283245323023197,0.20364136309544065
0.3890000000000003,0.20026584907034126,1.7058823529411764,1.7058823529411764,0.05904195690324513,0.6220519118990977,89.26301059082685,2.0724004194137424,0.530401767865505,0.20417072656315238
0.3900000000000003,0.20071469728830138,1.7058823529411764,1.7058823529411764,0.05904195690324513,0.6215290154992569,89.13416730641589,2.0586452434702234,0.532465435318795,0.20470216012143086
0.3910000000000003,0.20116305026269837,1.7058823529411764,1.7176470588235293,0.0588107725212045,-0.6563372684758297,89.00607884154749,2.0449790639978227,0.5345130982809537,0.20523587190867065
0.3920000000000003,0.20161090688726593,1.7058823529411764,1.7176470588235293,0.058575478403557445,-0.6400726746903362,-28.90740787154847,2.031330467860615,0.5365487978254255,0.20577141816517622
0.3930000000000003,0.20205826605696225,1.7058823529411764,1.7176470588235293,0.05834018428591039,-0.6241098653769497,-118.36967861370255,-4.181416789453614,0.5323771113930091,0.20630563132755345
0.3940000000000003,0.2025051266679731,1.7058823529411764,1.7176470588235293,0.05810489016826333,-0.6084481124423414,-128.3600571934909,-8.92929414130467,0.5234570958202681,0.20683275143318058
0.3950000000000003,0.20295148761771434,1.7058823529411764,1.7176470588235293,0.05786959605061628,-0.5930835725349249,-116.23508037481744,-9.486689417658123,0.5139786313977696,0.20735061128683008
0.3960000000000003,0.2033973478048347,1.7058823529411764,1.7176470588235293,0.05763430193296922,-0.5780117125384938,-107.52591601491945,-8.857968780556094,0.505116201203482,0.2078593727427419
0.3970000000000003,0.2038427061292185,1.7058823529411764,1.7176470588235293,0.057399007815322166,-0.5632278217563756,-103.60590085111473,-8.402671896041587,0.4967105437880464,0.2083595692868672
0.3980000000000003,0.20428756149198832,1.7058823529411764,1.7176470588235293,0.05716371369767511,-0.5487271827147847,-101.28166286307872,-8.200240341290916,0.4885098349618154,0.20885172525445925
0.3990000000000003,0.20473191279550776,1.7058823529411764,1.7176470588235293,0.056928419580028054,-0.5345051275460936,-99.01682312021671,-8.08301810344088,0.4804274216201226,0.2093354495070697
0.4000000000000003,0.2051757589433842,1.7176470588235293,1.7176470588235293,0.056924310052434736,0.7567770695076231,-96.61025018443387,-7.969270914157931,0.47245845373749323,0.2098114087959699
0.4010000000000003,0.20561909884047136,1.7176470588235293,1.7176470588235293,0.056924310052434736,0.7536876447481515,23.616933551612334,-7.847977603587025,0.464611102880507,0.210279194294849
0.4020000000000003,0.20606193139287213,1.7176470588235293,1.7176470588235293,0.056924310052434736,0.750642704186934,115.35123229882225,-1.5256228434599832,0.4630805195558964,0.21074294238261176
0.4030000000000003,0.2065042555079412,1.7176470588235293,1.7176470588235293,0.056924310052434736,0.7476456440197681,127.56148882271079,3.3297548022532633,0.4664056353607184,0.21120797845098319
0.4040000000000003,0.2069460700942878,1.7176470588235293,1.7176470588235293,0.056924310052434736,0.7446971697241834,117.60339937084557,3.9919672850719463,0.47039313498069224,0.2116766822722155
0.4050000000000003,0.20738737406177832,1.7176470588235293,1.7176470588235293,0.056924310052434736,0.7417970679429136,111.02532251702853,3.4653308565433254,0.4738666866705438,0.21214910012009766
0.4060000000000003,0.2078281663215391,1.7176470588235293,1.7176470588235293,0.056924310052434736,0.7389447644780998,109.19403387992982,3.1102883764531226,0.47698380825451103,0.21262479943375742
0.4070000000000003,0.2082684457859591,1.7176470588235293,1.7176470588235293,0.056924310052434736,0.7361395562971871,108.91632216066719,3.0059370902998666,0.47999394582004956,0.21310354816428856
0.4080000000000003,0.20870821136869244,1.7176470588235293,1.7176470588235293,0.056924310052434736,0.7333806984144939,108.6567554038496,2.9846360539005676,0.48298495172066996,0.213585081508271
0.4090000000000003,0.20914746198466133,1.7176470588235293,1.7176470588235293,0.056924310052434736,0.7306674375580502,108.21245864225799,2.9646902415578755,0.4859559618138946,0.21406955575689954
0.4100000000000003,0.2095861965500585,1.7176470588235293,1.7176470588235293,0.056924310052434736,0.7279990249655667,107.70160644856279,2.9349921515235686,0.4888970871966343,0.21455698308368792
0.4110000000000003,0.21002441398235006,1.7176470588235293,1.7176470588235293,0.056924310052434736,0.7253747211930253,107.1952734703181,2.901703287678166,0.49180715222758364,0.21504733540592078
0.4120000000000003,0.21046211320027802,1.7176470588235293,1.7176470588235293,0.056924310052434736,0.722793797841086,106.70599233291705,2.8685971934661643,0.4946829482776142,0.21554058112586613
0.4130000000000003,0.21089929312386305,1.7176470588235293,1.7176470588235293,0.056924310052434736,0.7202555380970919,106.22734504124925,2.836353772367695,0.4975266194371003,0.21603668646950971
0.4140000000000003,0.2113359526744072,1.7176470588235293,1.7294117647058824,0.05669312484471668,-0.5595910244768804,105.75747185726244,2.804636123589276,0.5003338936117813,0.21653586293419325
0.4150000000000003,0.2117720907744964,1.7176470588235293,1.7294117647058824,0.05645783072706963,-0.5452750072554728,-12.493507878511771,2.773351260309099,0.5031140646945332,0.21703759327355923
0.4160000000000003,0.2122077063480033,1.7176470588235293,1.7294117647058824,0.056222536609422565,-0.53122900109383,-102.28713274048825,-3.4568150395231334,0.49966456173941687,0.2175388328589929
0.4170000000000003,0.21264279832008964,1.7176470588235293,1.7294117647058824,0.0559872424917755,-0.5174525386603235,-112.60328683525704,-8.221797301773396,0.4914511149267544,0.2180337527429497
0.4180000000000003,0.21307736561720939,1.7176470588235293,1.7294117647058824,0.05575194837412844,-0.5039421829900484,-100.7981809730883,-8.796010343478677,0.4826636825005607,0.21852002384511965
0.4190000000000003,0.21351140716711084,1.7176470588235293,1.7294117647058824,0.055516654256481376,-0.49069387676750664,-92.40616167902988,-8.183804002457395,0.4744755342604752,0.21899786108045288
0.4200000000000003,0.21394492189883968,1.7176470588235293,1.7294117647058824,0.055281360138834314,-0.4777034027518986,-88.79365932728463,-7.74488511297407,0.4667277136512495,0.21946779762030594
0.4210000000000003,0.21437790874274137,1.7176470588235293,1.7294117647058824,0.05504606602118725,-0.4649665373231049,-86.77285167234432,-7.558331610810523,0.459168925197944,0.2199302780698972
0.4220000000000003,0.2148103666304639,1.7176470588235293,1.7294117647058824,0.05481077190354019,-0.4524791011713409,-84.80988333217329,-7.456779227382752,0.45171282230944815,0.22038503241581459
0.4230000000000003,0.21524229449496046,1.7176470588235293,1.7294117647058824,0.054575477785893126,-0.44023697552110597,-82.69637007157895,-7.358624074475249,0.44435455614513714,0.22083242047271304
0.4240000000000003,0.21567369127049196,1.7176470588235293,1.7294117647058824,0.05434018366824606,-0.4282361068145251,-80.54166692146606,-7.252472559541923,0.43710240776006287,0.22127270198510696
0.4250000000000003,0.21610455589262972,1.7176470588235293,1.7294117647058824,0.054104889550599,-0.4164725075386336,-78.42844151520593,-7.144016025819432,0.4299589667747771,0.22170555410303058
0.4260000000000003,0.2165348872982581,1.7294117647058824,1.7294117647058824,0.05410078128688203,0.8724011012393442,-76.3699317131202,-7.03764289226403,0.4229214909108592,0.22213156580527693
0.4270000000000003,0.21696468442557723,1.7294117647058824,1.7294117647058824,0.05410078128688203,0.866924814158677,43.43631400849085,-6.934068073879557,0.4159880111721318,0.22255035995163952
0.4280000000000003,0.21739394621410535,1.7294117647058824,1.7294117647058824,0.05410078128688203,0.861538063763748,134.75179150665738,-0.6333329981084994,0.4153497262638099,0.22296598802485898
0.4290000000000003,0.21782267160468163,1.7294117647058824,1.7294117647058824,0.05410078128688203,0.8562399015358051,146.5589840999252,4.200504338115811,0.4195451858726436,0.22338380481565043
0.4300000000000003,0.2182508595394689,1.7294117647058824,1.7294117647058824,0.05410078128688203,0.8510291657610219,136.21225377662526,4.84199576667907,0.42438275662741076,0.22380611666058003
0.4310000000000003,0.21867850896195595,1.7294117647058824,1.7294117647058824,0.05410078128688203,0.8459045127265639,129.24956867320395,4.295390953634885,0.4286862822018909,0.22423299012039183
0.43200000000000033,0.21910561881696028,1.7294117647058824,1.7294117647058824,0.05410078128688203,0.8408645534859981,127.04035961571239,3.920585797279254,0.4326136483598172,0.2246639729664945
0.43300000000000033,0.21953218805063082,1.7294117647058824,1.7294117647058824,0.05410078128688203,0.8359078994438647,126.39141556321808,3.7968148159304893,0.4364146758840094,0.22509880055880604
0.43400000000000033,0.21995821561045045,1.7294117647058824,1.7294117647058824,0.05410078128688203,0.8310331773796995,125.76956370837647,3.7564391441412166,0.4401784551706596,0.22553710219720646
0.43500000000000033,0.2203837004452384,1.7294117647058824,1.7294117647058824,0.05410078128688203,0.826239034232053,124.96626681920895,3.7178812550026583,0.4439048394125768,0.22597914438042221
0.43600000000000033,0.2208086415051532,1.7294117647058824,1.7294117647058824,0.05410078128688203,0.8215241384541122,124.1010402765831,3.6697369275092355,0.44758353025762976,0.22642488869337013
0.43700000000000033,0.22123303774169503,1.7294117647058824,1.7294117647058824,0.05410078128688203,0.8168871802241834,123.24585352217039,3.6182369270376995,0.4512084460453649,0.22687428601765053
0.43800000000000033,0.2216568881077084,1.7294117647058824,1.7411764705882353,0.05386959495514516,-0.4650217250991761,122.41587747375215,3.5672025316176215,0.45478335680496174,0.22732728323205095
0.43900000000000033,0.22208019155738462,1.7294117647058824,1.7411764705882353,0.053634300837498095,-0.45273440910612406,3.8159007747921914,3.5174529581173406,0.4583081512901566,0.22778383028930277
0.44000000000000034,0.22250294704626447,1.7294117647058824,1.7411764705882353,0.05339900671985104,-0.4406844475468344,-86.32085311510812,-2.7305986365040935,0.4555855654704446,0.2282406360912755
0.44100000000000034,0.2229251535312409,1.7294117647058824,1.7411764705882353,0.05316371260220398,-0.42887129489918824,-96.97487268465275,-7.513162965052453,0.44808193413391034,0.2286917803800278
0.44200000000000034,0.22334680997056128,1.7294117647058824,1.7411764705882353,0.05292841848455693,-0.417291882484217,-85.50797393127598,-8.104689896005162,0.4399853118300334,0.22913506926796692
0.44300000000000034,0.22376791532383034,1.7294117647058824,1.7411764705882353,0.05269312436690987,-0.4059426300755281,-77.43746211592355,-7.509823187487507,0.4324711035783441,0.22957062095168296
0.44400000000000034,0.22418846855201244,1.7294117647058824,1.7411764705882353,0.052457830249262816,-0.3948198281478679,-74.15000407640423,-7.087373850631798,0.42538081819002743,0.22999893106283695
0.44500000000000034,0.22460846861743428,1.7294117647058824,1.7411764705882353,0.05222253613161576,-0.3839197653139991,-72.44420187342836,-6.917479283270825,0.41846285242978587,0.2304203766291185
0.44600000000000034,0.22502791448378753,1.7294117647058824,1.7411764705882353,0.051987242013968704,-0.37323877035731784,-70.78772254361967,-6.832067664469852,0.4116314849910454,0.2308347939964032
0.44700000000000034,0.2254468051161311,1.7294117647058824,1.7411764705882353,0.05175194789632165,-0.3627732256473265,-68.97655595560558,-6.749610435060293,0.40488228455878067,0.23124246152342123
0.44800000000000034,0.2258651394808941,1.7294117647058824,1.7411764705882353,0.05151665377867459,-0.352519570973458,-67.1294812660905,-6.658941794906058,0.39822367389595836,0.23164341765635352
0.44900000000000034,0.226282916545878,1.7294117647058824,1.7411764705882353,0.05128135966102754,-0.34247430417798497,-65.31236096335549,-6.566255794413653,0.3916576673190746,0.23203776911808643
0.45000000000000034,0.22670013528025948,1.7294117647058824,1.7411764705882353,0.05104606554338048,-0.3326339807267299,-63.53983509465483,-6.475052599314381,0.38518285574193134,0.23242560782609611
0.45100000000000035,0.2271167946545927,1.7294117647058824,1.7411764705882353,0.050810771425733425,-0.32299521293431277,-61.80728932965966,-6.386122315579955,0.37879697774708904,0.232807024215217
0.45200000000000035,0.2275328936408121,1.7411764705882353,1.7411764705882353,0.050806664906497205,0.9637892961853591,-60.110147061032315,-6.299227377048961,0.3724979965137772,0.23318210571022707
0.45300000000000035,0.22794843121223493,1.7411764705882353,1.7411764705882353,0.050806664906497205,0.9562597327908533,59.339581772445925,-6.214126771489644,0.36628411441202285,0.23355093800159715
0.45400000000000035,0.2283634063435633,1.7411764705882353,1.7411764705882353,0.050806664906497205,0.948852107468215,150.30888788911406,0.06838627015814132,0.3663477998620157,0.2339172550631303
0.45500000000000035,0.2287778180108875,1.7411764705882353,1.7411764705882353,0.050806664906497205,0.9415662369398371,161.7751374344991,4.884538443512265,0.3712270314092424,0.23428646262942635
0.45600000000000035,0.22919166519168793,1.7411764705882353,1.7411764705882353,0.050806664906497205,0.9344005698659228,151.0902078532645,5.5086144602602,0.37673114448662187,0.2346608201194124
0.45700000000000035,0.22960494686483773,1.7411764705882353,1.7411764705882353,0.050806664906497205,0.9273532738986878,143.79689021101066,4.944731705018283,0.38168385960222434,0.23504040238923551
0.45800000000000035,0.2300176620106055,1.7411764705882353,1.7411764705882353,0.050806664906497205,0.920422444186042,141.26304984141905,4.553039423302414,0.3862435167203138,0.23542474004343827
0.45900000000000035,0.23042980961065765,1.7411764705882353,1.7411764705882353,0.050806664906497205,0.9136061729058176,140.29460699530037,4.412690925284129,0.3906604788593092,0.23581357932437566
0.46000000000000035,0.23084138864806095,1.7411764705882353,1.7411764705882353,0.050806664906497205,0.9069025722217781,139.3564506355089,4.356002488405037,0.39502365823311003,0.2362064475377021
0.46100000000000035,0.231252398107285,1.7411764705882353,1.7411764705882353,0.050806664906497205,0.9003097816319101,138.24546588706204,4.301294133226016,0.399332502595073,0.23660362702727972
0.46200000000000035,0.23166283697420487,1.7411764705882353,1.7411764705882353,0.050806664906497205,0.8938259700905588,137.0770783325689,4.237446433301106,0.40357786532511664,0.23700508381314378
0.46300000000000036,0.23207270423610338,1.7411764705882353,1.7411764705882353,0.050806664906497205,0.8874493363843374,135.92701876531265,4.1704766077963615,0.40775658612037935,0.23741075271192677
0.46400000000000036,0.23248199888167392,1.7411764705882353,1.7411764705882353,0.050806664906497205,0.8811781089282276,134.80392561077403,4.1044029407273745,0.4118690858530456,0.2378205672088696
0.46500000000000036,0.2328907199010225,1.7411764705882353,1.7411764705882353,0.050806664906497205,0.8750105453727709,133.70276020617345,4.039702071264595,0.41591701309949203,0.23823446187998312
0.46600000000000036,0.23329886628567076,1.7411764705882353,1.7529411764705882,0.05057547667348196,-0.4084024127638587,132.62113051757171,3.976112151218394,0.4199008372413575,0.23865237241986356
0.46700000000000036,0.23370643702855803,1.7411764705882353,1.7529411764705882,0.050340182555834896,-0.39759496176730724,13.766777076785608,3.913506723814593,0.423822714206558,0.23907423574752826
0.46800000000000036,0.23411343112404398,1.7411764705882353,1.7529411764705882,0.05010488843818784,-0.3870007893873231,-76.62001691423211,-2.3475507425171718,0.4214836532805212,0.23949675744973797
0.46900000000000036,0.23451984756791117,1.7411764705882353,1.7529411764705882,0.049869594320540785,-0.37661948856775673,-87.51794184754219,-7.142899131814233,0.4143500309393161,0.23991404290908477
0.47000000000000036,0.2349256853573674,1.7411764705882353,1.7529411764705882,0.04963430020289373,-0.3664483019109221,-76.2811092077425,-7.746890687927664,0.4066112517285597,0.24032381082719667
0.47100000000000036,0.2353309434910483,1.7411764705882353,1.7529411764705882,0.04939900608524667,-0.3564840114377713,-68.45439677044092,-7.163763255565018,0.3994431191236765,0.24072618717661004
0.47200000000000036,0.2357356209690197,1.7411764705882353,1.7529411764705882,0.04916371196759962,-0.34672328269165503,-65.39660397372535,-6.753776753292594,0.3926864264162708,0.2411216601218455
0.47300000000000036,0.23613971679278006,1.7411764705882353,1.7529411764705882,0.04892841784995256,-0.3371627794590951,-63.91875526171397,-6.595608987222425,0.3860902976062245,0.2415105654073152
0.47400000000000037,0.23654322996526328,1.7411764705882353,1.7529411764705882,0.048693123732305506,-0.32779920160912546,-62.48718655049233,-6.52184237674996,0.3795642361576317,0.24189337720506227
0.47500000000000037,0.2369461594908406,1.7411764705882353,1.7529411764705882,0.04845782961465845,-0.3186292971712893,-60.89875895484568,-6.45086578277796,0.3731140453252773,0.24226912706101753
0.47600000000000037,0.2373485043753235,1.7411764705882353,1.7529411764705882,0.048222535497011394,-0.3096498657881599,-59.263100231937955,-6.371569162569826,0.3667428951007917,0.24263864956403786
0.47700000000000037,0.237750263625966,1.7411764705882353,1.7529411764705882,0.04798724137936434,-0.3008577592863581,-57.658477803396984,-6.2896624689157425,0.3604536148231383,0.24300185087095233
0.47800000000000037,0.23815143625146704,1.7411764705882353,1.7529411764705882,0.04775194726171728,-0.29224988129134843,-56.097134619291786,-6.209295969416969,0.3542446756614644,0.24335879895190232
0.47900000000000037,0.23855202126197309,1.7529411764705882,1.7529411764705882,0.047747842692679475,0.9935211286154453,-54.568749928211346,-6.1311368746258115,0.34811389429710077,0.24370957309756247
0.48000000000000037,0.2389520176690804,1.7529411764705882,1.7529411764705882,0.047747842692679475,0.9850189446585476,64.71437796436798,-6.054646512335955,0.34205959447551665,0.24405425113313864
0.48100000000000037,0.23935142448583763,1.7529411764705882,1.7529411764705882,0.047747842692679475,0.9766347715812257,155.51976889328137,0.2193701652936008,0.3422742746589743,0.2443964282458319
0.4820000000000004,0.23975024072674814,1.7529411764705882,1.7529411764705882,0.047747842692679475,0.9683848051292454,166.82444689560384,5.027166070311576,0.347295907088748,0.24474164536434873
0.4830000000000004,0.24014846540777257,1.7529411764705882,1.7529411764705882,0.047747842692679475,0.9602704603846096,155.98102213348332,5.643008263876731,0.3529343576718976,0.2450921531747279
0.4840000000000004,0.24054609754633105,1.7529411764705882,1.7529411764705882,0.047747842692679475,0.9522899947165118,148.53368615493818,5.071052727230075,0.35801327220670065,0.24544801603958077
0.4850000000000004,0.2409431361613058,1.7529411764705882,1.7529411764705882,0.047747842692679475,0.9444413624326363,145.84745225103367,4.6715226949394815,0.3626913190840864,0.24580875699466653
0.4860000000000004,0.24133958027304356,1.7529411764705882,1.7529411764705882,0.047747842692679475,0.9367224404104155,144.72997961279364,4.52342187343248,0.36721895522389963,0.24617411291693836
0.4870000000000004,0.24173542890335784,1.7529411764705882,1.7529411764705882,0.047747842692679475,0.9291311033318411,143.64397317410527,4.45915752351579,0.37168565288752825,0.24654359023135855
0.4880000000000004,0.24213068107553148,1.7529411764705882,1.7529411764705882,0.047747842692679475,0.9216652485102774,142.38388660974323,4.396935095149564,0.3760906058020829,0.2469174799224304
0.4890000000000004,0.24252533581431912,1.7529411764705882,1.7529411764705882,0.047747842692679475,0.914322803826427,141.0715644485043,4.3255067056690715,0.38042402208287623,0.2472957389914145
0.4900000000000004,0.24291939214594932,1.7529411764705882,1.7529411764705882,0.047747842692679475,0.9071017300086781,139.77832273012152,4.251222214424074,0.3846785514521804,0.2476786574529186
0.4910000000000004,0.2433128490981273,1.7529411764705882,1.7529411764705882,0.047747842692679475,0.9000000210239048,138.5192485839242,4.177878637483067,0.38886573007717645,0.2480654379603843
0.4920000000000004,0.2437057057000372,1.7529411764705882,1.7529411764705882,0.047747842692679475,0.8930157038410445,137.28282617548226,4.106286308541217,0.392979988855726,0.2484563626009478
0.4930000000000004,0.24409796098234435,1.7529411764705882,1.7529411764705882,0.047747842692679475,0.8861468379904941,136.06665953142948,4.035844336191915,0.3970248467002845,0.24885136671255534
0.4940000000000004,0.2444896139771978,1.7529411764705882,1.7529411764705882,0.047747842692679475,0.8793915150610412,134.86901707576527,3.9664199543726415,0.40099450444248375,0.24925072511808635
0.4950000000000004,0.24488066371823278,1.7529411764705882,1.7647058823529411,0.047516652380189005,-0.40459892998284486,133.69354707329305,3.897930987104382,0.4049015222887118,0.2496536820831215
0.4960000000000004,0.24527110924057288,1.7529411764705882,1.7647058823529411,0.04728135826254195,-0.3943597479426406,14.747453147687802,3.8305655188307353,0.4087398268098891,0.25006050446814765
0.4970000000000004,0.24566094958083262,1.7529411764705882,1.7647058823529411,0.04704606414489489,-0.3843246065857347,-75.72913840489156,-2.4351395406604306,0.4063132647656942,0.2504678924816925
0.4980000000000004,0.2460501837771197,1.7529411764705882,1.7647058823529411,0.04681077002724784,-0.3744931448477826,-86.71540114224638,-7.235031840524493,0.39908740324688624,0.25086996247402393
0.4990000000000004,0.2464388108690375,1.7529411764705882,1.7647058823529411,0.04657547590960078,-0.36486272477447934,-75.56556358678262,-7.8434888835396075,0.39125199826835017,0.2512644100701081
0.5000000000000003,0.24682682989768714,1.7529411764705882,1.7647058823529411,0.04634018179195374,-0.3554302674614978,-67.82513719636539,-7.2647548784358404,0.38398284780588604,0.25165136681773254
