Name,Full Path,Relative Path,Size (bytes),Directory
AngleEncoder.mo,/home/flo/repos/SystemSimulation/demos/ControlledPendulum/ControlledPendulum/AngleEncoder.mo,AngleEncoder.mo,1096,ControlledPendulum
Demo_Driven.mo,/home/flo/repos/SystemSimulation/demos/ControlledPendulum/ControlledPendulum/Demo_Driven.mo,Demo_Driven.mo,1253,ControlledPendulum
Demo_DrivenWithWall.mo,/home/flo/repos/SystemSimulation/demos/ControlledPendulum/ControlledPendulum/Demo_DrivenWithWall.mo,Demo_DrivenWithWall.mo,1848,ControlledPendulum
Demo_DrivenWithWallDiscrete.mo,/home/flo/repos/SystemSimulation/demos/ControlledPendulum/ControlledPendulum/Demo_DrivenWithWallDiscrete.mo,Demo_DrivenWithWallDiscrete.mo,1304,ControlledPendulum
Demo_UndrivenWithWall.mo,/home/flo/repos/SystemSimulation/demos/ControlledPendulum/ControlledPendulum/Demo_UndrivenWithWall.mo,Demo_UndrivenWithWall.mo,559,ControlledPendulum
Drive.mo,/home/flo/repos/SystemSimulation/demos/ControlledPendulum/ControlledPendulum/Drive.mo,Drive.mo,1370,ControlledPendulum
ImpactWall.mo,/home/flo/repos/SystemSimulation/demos/ControlledPendulum/ControlledPendulum/ImpactWall.mo,ImpactWall.mo,2489,ControlledPendulum
PID_Continuous.mo,/home/flo/repos/SystemSimulation/demos/ControlledPendulum/ControlledPendulum/PID_Continuous.mo,PID_Continuous.mo,2120,ControlledPendulum
PID_Sampled.mo,/home/flo/repos/SystemSimulation/demos/ControlledPendulum/ControlledPendulum/PID_Sampled.mo,PID_Sampled.mo,3013,ControlledPendulum
Pendulum.mo,/home/flo/repos/SystemSimulation/demos/ControlledPendulum/ControlledPendulum/Pendulum.mo,Pendulum.mo,1061,ControlledPendulum
PendulumWithWallContinuous.mo,/home/flo/repos/SystemSimulation/demos/ControlledPendulum/ControlledPendulum/PendulumWithWallContinuous.mo,PendulumWithWallContinuous.mo,556,ControlledPendulum
PendulumWithWallDiscrete.mo,/home/flo/repos/SystemSimulation/demos/ControlledPendulum/ControlledPendulum/PendulumWithWallDiscrete.mo,PendulumWithWallDiscrete.mo,606,ControlledPendulum
Reference.mo,/home/flo/repos/SystemSimulation/demos/ControlledPendulum/ControlledPendulum/Reference.mo,Reference.mo,656,ControlledPendulum
package.mo,/home/flo/repos/SystemSimulation/demos/ControlledPendulum/ControlledPendulum/package.mo,package.mo,50,ControlledPendulum
