time,ref.q_ref,sensor_ref.U_q,sensor_state.U_q,pid.u,drive.torque,pendulum.alpha,pendulum.omega,pendulum.q
s,rad,V,V,-,m·N,rad/s²,rad/s,rad
0.001,0.0005483111301320963,1.4941176470588236,1.4941176470588236,0.0,0.0,0.0,0.0,0.0
0.002,0.001096620907360985,1.4941176470588236,1.4941176470588236,0.0,0.0,0.0,0.0,0.0
0.003,0.0016449279787867964,1.4941176470588236,1.4941176470588236,0.0,0.0,0.0,0.0,0.0
0.004,0.002193230991516338,1.4941176470588236,1.4941176470588236,0.0,0.0,0.0,0.0,0.0
0.005,0.0027415285926664303,1.4941176470588236,1.4941176470588236,0.0,0.0,0.0,0.0,0.0
0.006,0.0032898194293672473,1.4941176470588236,1.4941176470588236,0.0,0.0,0.0,0.0,0.0
0.007,0.0038381021487656542,1.4941176470588236,1.4941176470588236,0.0,0.0,0.0,0.0,0.0
0.008,0.004386375398028544,1.4941176470588236,1.4941176470588236,0.0,0.0,0.0,0.0,0.0
0.009000000000000001,0.004934637824346175,1.4941176470588236,1.4941176470588236,0.0,0.0,0.0,0.0,0.0
0.010000000000000002,0.005482888074935513,1.4941176470588236,1.4941176470588236,0.0,0.0,0.0,0.0,0.0
0.011000000000000003,0.0060311247970435645,1.4941176470588236,1.4941176470588236,0.0,0.0,0.0,0.0,0.0
0.012000000000000004,0.006579346637950715,1.5058823529411764,1.4941176470588236,0.0,0.0,0.0,0.0,0.0
0.013000000000000005,0.00712755224497407,1.5058823529411764,1.4941176470588236,1.0,0.0,0.0,0.0,0.0
0.014000000000000005,0.007675740265470789,1.5058823529411764,1.4941176470588236,1.0,115.57525070383126,0.0,0.0,0.0
0.015000000000000006,0.008223909346841425,1.5058823529411764,1.4941176470588236,1.0,148.7562459240387,6.114917169239594,0.006114948033544116,3.804998339444092e-06
0.016000000000000007,0.008772058136533267,1.5058823529411764,1.4941176470588236,1.0,158.18863652523225,7.870328861546538,0.013985364231550737,1.3918005643704514e-05
0.017000000000000008,0.009320185282043657,1.5058823529411764,1.4941176470588236,1.0,160.77553618813516,8.369078486841603,0.02235310688148687,3.3013368832215086e-05
0.01800000000000001,0.009868289430923357,1.5058823529411764,1.4941176470588236,0.996261404422466,161.38990772156177,8.505510545834147,0.03085633010424234,6.007222093495378e-05
0.01900000000000001,0.010416369230779864,1.5058823529411764,1.4941176470588236,0.9550221518735071,161.00439026546178,8.537447388256256,0.03939062042126969,9.519156569279536e-05
0.02000000000000001,0.010964423329280755,1.5058823529411764,1.4941176470588236,0.9157578150980745,155.996647250082,8.516342813489814,0.047910990503143146,0.00013884242123520362
0.02100000000000001,0.011512450374157022,1.5058823529411764,1.4941176470588236,0.8784466719856963,149.8886921832408,8.25053254159218,0.05616415481966727,0.00019163137219646947
0.022000000000000013,0.012060449013206413,1.5058823529411764,1.4941176470588236,0.8430074162876673,143.69691138097792,7.926381172563203,0.06409493111484153,0.00025243831269785216
0.023000000000000013,0.012608417894296753,1.5058823529411764,1.4941176470588236,0.8093531477003761,137.70035551513658,7.597669105386232,0.07169692412094067,0.0003209949873430555
0.024000000000000014,0.013156355665369306,1.5058823529411764,1.4941176470588236,0.7773982536383383,131.9758902380199,7.2791661018156075,0.07898040082736896,0.0003969649606606391
0.025000000000000015,0.013704260974442089,1.5058823529411764,1.4941176470588236,0.7470602986054196,126.52360750903972,6.974944052716053,0.08595955790847122,0.0004800395673950928
0.026000000000000016,0.014252132469613219,1.5058823529411764,1.4941176470588236,0.7182605311825724,121.34514800906719,6.685012617611466,0.09264868619157865,0.0005699229063950876
0.027000000000000017,0.01479996879906424,1.5058823529411764,1.4941176470588236,0.6909239287310691,116.42618966667719,6.409465830965111,0.09906224106355319,0.000666168871964027
0.028000000000000018,0.015347768611063475,1.5058823529411764,1.4941176470588236,0.6649790915296641,111.76077855485885,6.1475472040858445,0.10521372701023883,0.0007686985370628572
0.02900000000000002,0.015895530553969337,1.5058823529411764,1.4941176470588236,0.640358091756985,107.32627506090695,5.89894576488389,0.11111651656909909,0.0008772622566498414
0.03000000000000002,0.016443253276233687,1.5058823529411764,1.4941176470588236,0.6169963127794044,103.11458593894857,5.662467639624063,0.11678273692752801,0.000991615173571699
0.03100000000000002,0.01699093542640515,1.5058823529411764,1.4941176470588236,0.5948322904959105,99.11713773656359,5.43768839360562,0.12222407923904013,0.0011115245090404992
0.03200000000000002,0.01753857565313247,1.5176470588235293,1.4941176470588236,0.5738075604644324,95.32697080794199,5.224157991589336,0.12745179679099589,0.001236769413158123
0.03300000000000002,0.018086172605167823,1.5176470588235293,1.4941176470588236,1.0,91.73058497322904,5.021511601298746,0.13247677501030883,0.0013671402726216269
0.03400000000000002,0.018633724931370166,1.5176470588235293,1.4941176470588236,1.0,139.8733067868349,4.8290381644426175,0.1373091918115261,0.0015024381189442499
0.035000000000000024,0.019181231280708564,1.5176470588235293,1.4941176470588236,1.0,153.62107138794846,7.373929046531044,0.144681315404585,0.001644133807286135
0.036000000000000025,0.019728690302265532,1.5176470588235293,1.4941176470588236,1.0,157.45455282971537,8.098888123219579,0.15277517103174057,0.0017936480171339407
0.037000000000000026,0.020276100645240346,1.5176470588235293,1.4941176470588236,1.0,158.4303996622717,8.299161890783152,0.1610722641389532,0.001951175524238816
0.03800000000000003,0.020823460958952406,1.5176470588235293,1.4941176470588236,1.0,158.5828981936984,8.348115394178778,0.16941643651886062,0.002116448095112099
0.03900000000000003,0.021370769892844546,1.5176470588235293,1.4941176470588236,1.0,158.4981696691313,8.353371495352366,0.17776973478864216,0.0022900416785656304
0.04000000000000003,0.021918026096486385,1.5176470588235293,1.4941176470588236,1.0,158.34558080239418,8.34594084418843,0.18611804635410795,0.002471985855844289
0.04100000000000003,0.022465228219577638,1.5176470588235293,1.4941176470588236,1.0,158.17336422863127,8.334784600026339,0.19445585428147122,0.00266227296943107
0.04200000000000003,0.023012374911951457,1.5176470588235293,1.4941176470588236,1.0,157.99569573666705,8.322454888182884,0.2027818076812389,0.0028608918334014897
0.04300000000000003,0.023559464823577778,1.5176470588235293,1.4941176470588236,1.0,157.8165810545749,8.309701932715553,0.21109489223434455,0.0030678303542364042
0.04400000000000003,0.02410649660456662,1.5176470588235293,1.4941176470588236,1.0,157.63729161576478,8.296737878598954,0.2193954126132863,0.0032830758636486104
0.04500000000000003,0.024653468905171453,1.5176470588235293,1.4941176470588236,1.0,157.45833342041482,8.283630203599444,0.22768229691569347,0.0035066155866507976
0.046000000000000034,0.025200380375792485,1.5176470588235293,1.4941176470588236,1.0,157.2793125417205,8.27040592112516,0.2359550806203194,0.0037384346526465355
0.047000000000000035,0.025747229666980044,1.5176470588235293,1.4941176470588236,1.0,157.1006107932582,8.257044400791031,0.2442165645054511,0.0039785200148336015
0.048000000000000036,0.026294015429437847,1.5176470588235293,1.4941176470588236,1.0,156.92259537080906,8.243566027055554,0.2524639716867729,0.004226860411056652
0.04900000000000004,0.02684073631402639,1.5176470588235293,1.4941176470588236,0.9862592355605466,156.74449554375323,8.229990461333198,0.26069791592938185,0.004483441473871334
0.05000000000000004,0.02738739097176624,1.5176470588235293,1.4941176470588236,0.9551705080115269,154.97919374349883,8.216277144830599,0.2689181303974881,0.004748249678138358
0.05100000000000004,0.027933978053841364,1.5176470588235293,1.4941176470588236,0.9256307949680237,150.75281232250646,8.11844183623503,0.2770397860579298,0.005021984385939575
0.05200000000000004,0.028480496211602483,1.5294117647058822,1.4941176470588236,0.8976279597247954,146.0036087649117,7.890266140686191,0.28493543565666335,0.005303555785922469
0.05300000000000004,0.029026944096570355,1.5294117647058822,1.4941176470588236,1.0,141.28239340669617,7.634302150912568,0.2925749286124812,0.0055929210108748685
0.05400000000000004,0.029573320360439154,1.5294117647058822,1.5058823529411764,1.0,151.63621396772297,7.379697770552669,0.2999600212041415,0.005889768906812151
0.05500000000000004,0.030119623655079763,1.5294117647058822,1.5058823529411764,0.7183077828540079,154.49615220188036,7.922573273184768,0.3078790896250607,0.006194408137041154
0.05600000000000004,0.0306658526325431,1.5294117647058822,1.5058823529411764,0.7010312128085228,122.63921900145277,8.068829661642894,0.3159475339635991,0.006506750117105613
0.057000000000000044,0.031212005945063476,1.5294117647058822,1.5058823529411764,0.6846837769764682,111.37310652150886,6.3781250027696865,0.3223296814943884,0.006826729945771249
0.058000000000000045,0.031758082245061874,1.5294117647058822,1.5058823529411764,0.66924168778122,106.14965453889855,5.776764004427638,0.3281099705261564,0.00715272715091553
0.059000000000000045,0.03230408018514931,1.5294117647058822,1.5058823529411764,0.6546642275846036,102.77842397307097,5.495027387524478,0.3336092671514487,0.007484104712264311
0.060000000000000046,0.03284999841813015,1.5294117647058822,1.5058823529411764,0.6409118219479681,100.04152004121536,5.311205038487667,0.33892571649898723,0.007820732261771702
0.06100000000000005,0.0333958355970054,1.5294117647058822,1.5058823529411764,0.6279450902601367,97.58256839693993,5.16085952719024,0.34409106422510366,0.008162594574519979
0.06200000000000005,0.0339415903749761,1.5294117647058822,1.5058823529411764,0.6157259847772192,95.29857872166343,5.025137617919326,0.3491205975665764,0.00850955600780368
0.06300000000000004,0.03448726140544659,1.5294117647058822,1.5058823529411764,0.6042181150590925,93.15322804084192,4.898590424547722,0.35402322137975833,0.008861602101612083
0.06400000000000004,0.035032847342027836,1.5294117647058822,1.5058823529411764,0.593386799164918,91.13184271567063,4.779301936331646,0.35880715906193994,0.009218374691105279
0.06500000000000004,0.03557834683854078,1.5294117647058822,1.5058823529411764,0.583199025054942,89.22605571220619,4.666494128016967,0.3634774400893284,0.009579976128581344
0.06600000000000004,0.03612375854901964,1.5294117647058822,1.5058823529411764,0.5736233842716896,87.43064066287477,4.559729540001981,0.3680417070640175,0.009946083537068183
0.06700000000000005,0.03666908112771523,1.5294117647058822,1.5058823529411764,0.5646299988183391,85.73745046582751,4.458736818350491,0.37251004612729227,0.010316377993775898
0.06800000000000005,0.037214313229098316,1.5294117647058822,1.5058823529411764,0.5561904482014025,84.14319057931066,4.363074708148806,0.37687689517396383,0.01069148916710159
0.06900000000000005,0.03775945350786286,1.5294117647058822,1.5058823529411764,0.5482776988798707,82.64267175624968,4.272579211926338,0.3811538193185295,0.011070780537276783
0.07000000000000005,0.03830450061892944,1.5294117647058822,1.5058823529411764,0.5408660367664695,81.23165955305126,4.18697505299602,0.3853450346177119,0.011454296559066076
0.07100000000000005,0.03884945321744848,1.5294117647058822,1.5058823529411764,0.5339310028908476,79.90553464314242,4.106039401461202,0.38945527911376626,0.011841962618480903
0.07200000000000005,0.039394309958803615,1.5411764705882354,1.5058823529411764,0.5274493321581258,78.66004898190232,4.029529135522183,0.39348896568356734,0.012233699666491014
0.07300000000000005,0.039939069498615,1.5411764705882354,1.5058823529411764,1.0,77.49135428005802,3.957225019420731,0.39745628208072853,0.012629166815642828
0.07400000000000005,0.04048373049274262,1.5411764705882354,1.5058823529411764,1.0,131.70956573466052,3.8889200541444544,0.4013534277676003,0.013028573417727344
0.07500000000000005,0.04102829159728962,1.5411764705882354,1.5058823529411764,1.0,147.21534950373916,6.750986040836399,0.4081035266278365,0.01343407102535078
0.07600000000000005,0.04157275146860561,1.5411764705882354,1.5058823529411764,1.0,151.56344531523857,7.564697952169122,0.4156649711139195,0.01384670675751163
0.07700000000000005,0.042117108763289966,1.5411764705882354,1.5058823529411764,1.0,152.69530724638165,7.787946005061914,0.4234520849826584,0.014266813224459095
0.07800000000000006,0.0426613621381952,1.5411764705882354,1.5058823529411764,1.0,152.9008668874436,7.84090804135842,0.43129028819228793,0.014694211191525712
0.07900000000000006,0.04320551025043019,1.5411764705882354,1.5058823529411764,1.0,152.83904776593224,7.844733712228341,0.4391366026426558,0.01512942529348268
0.08000000000000006,0.04374955175736358,1.5411764705882354,1.5058823529411764,1.0,152.70064801490219,7.834285634074736,0.4469747992280101,0.015572481285460998
0.08100000000000006,0.044293485316627,1.5411764705882354,1.5058823529411764,1.0,152.5404732812536,7.819658930128035,0.454800462164838,0.016023368808725295
0.08200000000000006,0.044837309586118514,1.5411764705882354,1.5058823529411764,1.0,152.3741207166422,7.803753527591963,0.4626116549348554,0.016482075066342187
0.08300000000000006,0.045381023224005765,1.5411764705882354,1.5058823529411764,1.0,152.20691442634094,7.787394901279042,0.4704072361097786,0.016948585263928402
0.08400000000000006,0.045924624888729386,1.5411764705882354,1.5176470588235293,1.0,152.03887347517184,7.770865010871143,0.47818649726883883,0.017422883250426832
0.08500000000000006,0.04646811323900634,1.5411764705882354,1.5176470588235293,-0.015473567496768967,151.87078409132664,7.7541651399698805,0.48594910241460226,0.01790495235268176
0.08600000000000006,0.04701148693383313,1.5411764705882354,1.5176470588235293,0.00711536014884627,34.33886098225181,7.73733716504548,0.49369489665937477,0.018394775727476657
0.08700000000000006,0.047554744632489196,1.5411764705882354,1.5176470588235293,0.02874644669914446,3.087420396728393,1.5108204819621762,0.49522626122062585,0.018889396028879048
0.08800000000000006,0.04809788499454015,1.5411764705882354,1.5176470588235293,0.04944431200109081,-3.408244040759962,-0.15068456050850831,0.4950811997178129,0.01938453266851304
0.08900000000000007,0.04864090667984115,1.5411764705882354,1.5176470588235293,0.06925081352110125,-2.878745905066461,-0.5023789871329906,0.494587984860829,0.019879330282256254
0.09000000000000007,0.04918380834854018,1.5411764705882354,1.5176470588235293,0.08820676026166457,-0.429986562402069,-0.4823711017136641,0.49410393132428826,0.020373669330221257
0.09100000000000007,0.04972658866108131,1.5411764705882354,1.5176470588235293,0.10635275366808063,2.4713276455183455,-0.3608094084653556,0.49373929387379933,0.02086755120851064
0.09200000000000007,0.0502692462782081,1.5411764705882354,1.5176470588235293,0.12372801850767626,5.40710897685781,-0.21529888224366234,0.4935269055324873,0.021361155621213303
0.09300000000000007,0.050811779860966806,1.5529411764705883,1.5176470588235293,0.140370070143035,8.261369255305851,-0.06796274893617105,0.4934587398818178,0.021854642769856682
0.09400000000000007,0.05135418807070977,1.5529411764705883,1.5176470588235293,1.0,11.005276938699485,0.07506002368432835,0.4935351847318414,0.022348144980535174
0.09500000000000007,0.05189646956909863,1.5529411764705883,1.5176470588235293,1.0,111.14402676860529,0.21224168133994048,0.4937481176344956,0.02284180463624498
0.09600000000000007,0.05243862301810772,1.5529411764705883,1.5176470588235293,1.0,139.88988554689124,5.502443032445171,0.49925025560964015,0.02333859678651735
0.09700000000000007,0.052980647080027275,1.5529411764705883,1.5176470588235293,1.0,148.0587155230136,7.015212035097941,0.5062672212769329,0.023841631149460377
0.09800000000000007,0.0535225404174668,1.5529411764705883,1.5176470588235293,1.0,150.29542647749346,7.43914699394327,0.5137045646031932,0.024352242554956143
0.09900000000000007,0.05406430169335837,1.5529411764705883,1.5176470588235293,1.0,150.8237122698683,7.549100380156178,0.5212550558098081,0.024870188053637575
0.10000000000000007,0.05460592957095988,1.5529411764705883,1.5176470588235293,1.0,150.85934928888187,7.5685463139786044,0.5288226737844255,0.025395319017825525
0.10100000000000008,0.055147422713858404,1.5529411764705883,1.5176470588235293,1.0,150.75278083172074,7.561805651848085,0.536388061911238,0.025927928503278113
0.10200000000000008,0.055688779785973405,1.5529411764705883,1.5176470588235293,1.0,150.60599998069478,7.547418781290273,0.5439410676335417,0.0264680935785551
0.10300000000000008,0.05622999945156015,1.5529411764705883,1.5176470588235293,1.0,150.44770328455766,7.530782250735254,0.5514782853310867,0.02701580302213836
0.10400000000000008,0.05677108037521292,1.5529411764705883,1.5176470588235293,1.0,150.28631788616565,7.51341463639044,0.5589979960228663,0.027571040747717043
0.10500000000000008,0.057312021221868306,1.5529411764705883,1.5176470588235293,1.0,150.1243129322655,7.495762086720061,0.56650006603965,0.028133790214925514
0.10600000000000008,0.057852820656808544,1.5529411764705883,1.5294117647058822,1.0,149.96241376846933,7.477955555146038,0.5739845178637967,0.028704032617678718
0.10700000000000008,0.058393477345664774,1.5529411764705883,1.5294117647058822,-0.20641473759665407,149.80081439514382,7.460033707158455,0.581450741623894,0.029281750713989238
0.10800000000000008,0.0589339899544204,1.5529411764705883,1.5294117647058822,-0.1712205516805726,10.207588007505489,7.442007120016467,0.5888994873751366,0.029866925751941897
0.10900000000000008,0.05947435714941426,1.5529411764705883,1.5294117647058822,-0.13760838055368962,-25.916115073808914,0.04672250012471579,0.5889509144181906,0.030455851764271277
0.11000000000000008,0.06001457759734403,1.5529411764705883,1.5294117647058822,-0.10551472939715818,-32.40313926373233,-1.8740675220250265,0.5870845781196776,0.03104364356986081
0.11100000000000008,0.06055464996526945,1.5529411764705883,1.5294117647058822,-0.07487030113364213,-30.52775527147362,-2.2267765216726385,0.584867704245669,0.03162947248722959
0.11200000000000009,0.06109457292061564,1.5529411764705883,1.5294117647058822,-0.045605992741652515,-26.415326235825862,-2.1370021386904496,0.5827328607675615,0.032213079308706385
0.11300000000000009,0.061634345131176375,1.5647058823529412,1.5294117647058822,-0.01765499292807504,-21.817636602515776,-1.9288355343266699,0.5808046533796961,0.03279470529862973
0.11400000000000009,0.06217396526511739,1.5647058823529412,1.5294117647058822,1.0,-17.237641859401265,-1.694965104175492,0.5791106700910247,0.033374542790765585
0.11500000000000009,0.06271343199097965,1.5647058823529412,1.5294117647058822,1.0,101.71903223112545,-1.4620053947405638,0.5776493796143355,0.03395281669833255
0.11600000000000009,0.06325274397768263,1.5647058823529412,1.5294117647058822,1.0,135.89371138323304,4.822484510424194,0.5824702278805056,0.03453316018968084
0.11700000000000009,0.06379189989452762,1.5647058823529412,1.5294117647058822,1.0,145.63137701443094,6.621136263298704,0.5890925749765175,0.035119802872463336
0.11800000000000009,0.06433089841120097,1.5647058823529412,1.5294117647058822,1.0,148.32501323554382,7.126742333914212,0.5962154697673492,0.03571300869644752
0.11900000000000009,0.06486973819777744,1.5647058823529412,1.5294117647058822,1.0,148.98899101304403,7.259540625439411,0.6034767337885713,0.03631331429643922
0.12000000000000009,0.06540841792472343,1.5647058823529412,1.5294117647058822,1.0,149.0681306071649,7.284840864689525,0.610762093821969,0.036920471335010786
0.1210000000000001,0.06594693626290024,1.5647058823529412,1.5294117647058822,1.0,148.97819160320293,7.279080733505312,0.6180452836399104,0.0375348765258568
0.1220000000000001,0.06648529188356742,1.5647058823529412,1.5294117647058822,1.0,148.84077798296556,7.264257255915048,0.625315600168751,0.03815655704780093
0.1230000000000001,0.06702348345838598,1.5647058823529412,1.5294117647058822,1.0,148.6893049250519,7.246804612159984,0.6325688989910748,0.0387854996406444
0.1240000000000001,0.06756150965942172,1.5647058823529412,1.5294117647058822,1.0,148.53421098412707,7.228491073099649,0.6398044110724196,0.03942168624680457
0.12500000000000008,0.06809936915914845,1.5647058823529412,1.5411764705882354,1.0,148.37863196116186,7.209869235675256,0.6470215034446486,0.040065098963653185
0.12600000000000008,0.06863706063045134,1.5647058823529412,1.5411764705882354,-0.24073681482046763,148.22274539796544,7.19110531766158,0.6542184323257236,0.04071571974225302
0.12700000000000009,0.06917458274663014,1.5647058823529412,1.5411764705882354,-0.2009862539675517,4.668391701205637,7.172209065891754,0.6613980971458364,0.041373527603629036
0.12800000000000009,0.06971193418140247,1.5647058823529412,1.5411764705882354,-0.16305672806490243,-32.06166075563195,-0.4338205622622374,0.6609761592120592,0.0420346959574747
0.1290000000000001,0.07024911360890705,1.5647058823529412,1.5411764705882354,-0.12686642000771894,-38.21663376356849,-2.387848470020705,0.6585956687468629,0.042694184609641896
0.1300000000000001,0.07078611970370707,1.5647058823529412,1.5411764705882354,-0.0923314548985428,-35.76439026715233,-2.7241380144511202,0.6558819572170934,0.0433512575959188
0.1310000000000001,0.07132295114079334,1.5647058823529412,1.5411764705882354,-0.05936848728988482,-31.02717517325012,-2.6049832179490755,0.6532792223592229,0.04400559772914812
0.1320000000000001,0.0718596065955877,1.5647058823529412,1.5411764705882354,-0.027898997953171162,-25.817324776061465,-2.3648935193539087,0.6509150014606755,0.04465753573996472
0.1330000000000001,0.07239608474394613,1.5647058823529412,1.5411764705882354,0.0021505517926721784,-20.648301862702496,-2.099761130995975,0.6488163733498711,0.04530726866202321
0.1340000000000001,0.07293238426216213,1.576470588235294,1.5411764705882354,0.03084951718529745,-15.658926191600466,-1.8367569453099093,0.6469804743651784,0.04595504711764777
0.1350000000000001,0.07346850382696996,1.576470588235294,1.5411764705882354,1.0,-10.88134549653281,-1.5832299943121835,0.6453982502321518,0.04660113121537189
0.1360000000000001,0.07400444211554788,1.576470588235294,1.5411764705882354,1.0,102.52427051607084,-1.3408851898886842,0.6440584540722079,0.04724576856502754
0.1370000000000001,0.07454019780552147,1.576470588235294,1.5411764705882354,1.0,135.10275650219597,4.648834991293974,0.6487062400444563,0.04789244909723178
0.1380000000000001,0.07507576957496677,1.576470588235294,1.5411764705882354,1.0,144.3847233691026,6.361970226268468,0.6550693553927027,0.04854513246783705
0.1390000000000001,0.07561115610241372,1.576470588235294,1.5411764705882354,1.0,146.9523266912183,6.842406233066443,0.6619086730820158,0.04920414674099792
0.1400000000000001,0.07614635606684926,1.576470588235294,1.5411764705882354,1.0,147.58410439793158,6.967478527658561,0.6688782444979697,0.04987016540396245
0.1410000000000001,0.0766813681477207,1.576470588235294,1.5411764705882354,1.0,147.65877371561209,6.990024711738185,0.6758685167493887,0.05054259535977496
0.1420000000000001,0.07721619102493889,1.576470588235294,1.5529411764705883,1.0,147.57220637658696,6.9829829932426755,0.6828563923678268,0.05122195892610524
0.1430000000000001,0.07775082337888158,1.576470588235294,1.5529411764705883,-0.12173572689200295,147.44027562801966,6.967297845313292,0.6898303059428363,0.051908302336538405
0.1440000000000001,0.07828526389039656,1.576470588235294,1.5529411764705883,-0.08537957469136659,17.649779774249463,6.949100275668253,0.6967865045001719,0.052601610450803915
0.1450000000000001,0.078819511240805,1.576470588235294,1.5529411764705883,-0.050679444552499814,-15.51776430609534,0.07073220250430168,0.6968680032520606,0.053298445241336694
0.1460000000000001,0.07935356411190467,1.576470588235294,1.5529411764705883,-0.017560694009314884,-21.030890768207055,-1.6953886468068584,0.6951799953723543,0.05399426229024912
0.1470000000000001,0.07988742118597318,1.576470588235294,1.5529411764705883,0.014053006011216923,-18.76000702713647,-1.9983111906363014,0.6931919744194157,0.05468832280229152
0.1480000000000001,0.0804210811457713,1.576470588235294,1.5529411764705883,0.0442374297716288,-14.423704140150157,-1.8893564434480474,0.6913052945369684,0.05538039660668188
0.1490000000000001,0.08095454267454612,1.576470588235294,1.5529411764705883,0.07306395286956799,-9.661150120268216,-1.6710940590142431,0.6896353139145728,0.056070751477858755
0.1500000000000001,0.08148780445603435,1.576470588235294,1.5529411764705883,0.1005994293549782,-4.936484222964141,-1.4302540154619163,0.6882067232968385,0.05675958080500648
0.1510000000000001,0.08202086517446554,1.576470588235294,1.5529411764705883,0.12690691596560327,-0.3756829916949954,-1.1913971936789016,0.6870166795352289,0.05744711382273445
0.1520000000000001,0.08255372351456537,1.576470588235294,1.5529411764705883,0.15204624332468455,3.9925398503800893,-0.9611927086417129,0.6860570041673311,0.058133586479392194
0.1530000000000001,0.08308637816155885,1.576470588235294,1.5529411764705883,0.17607432724399735,8.166898032512746,-0.7411634061419653,0.6853174314161654,0.05881922338123926
0.1540000000000001,0.08361882780117358,1.576470588235294,1.5529411764705883,0.19904533785377126,12.153724177570252,-0.5313808130448308,0.6847877543836655,0.05950423940000857
0.1550000000000001,0.08415107111964303,1.588235294117647,1.5529411764705883,0.22101082217006032,15.961337754211318,-0.3315131815521467,0.6844580470128248,0.06018883916952446
0.1560000000000001,0.08468310680370968,1.588235294117647,1.5529411764705883,1.0,19.598235387527048,-0.14112348417008513,0.684318832695036,0.06087321761419706
0.1570000000000001,0.08521493354062841,1.588235294117647,1.5529411764705883,1.0,110.67657556143647,0.040234830476996275,0.6843610764659103,0.06155756037066133
0.1580000000000001,0.0857465500181696,1.588235294117647,1.5647058823529412,1.0,136.82379288451355,4.8479938781982685,0.6892092608330972,0.06224468456426912
0.1590000000000001,0.08627795492462241,1.588235294117647,1.5647058823529412,0.14721911163365486,144.25644808901438,6.220218209478592,0.6954321448671796,0.06293737413783675
0.16000000000000011,0.0868091469487981,1.588235294117647,1.5647058823529412,0.17246474942877746,47.734295000404366,6.602166259983628,0.7020348006093579,0.06363666459893942
0.16100000000000012,0.08734012478003314,1.588235294117647,1.5647058823529412,0.19659447022818516,22.83907362357174,1.4839043626860087,0.703529363924175,0.06433956811389395
0.16200000000000012,0.08787088710819248,1.588235294117647,1.5647058823529412,0.21965943923878317,18.45768958839032,0.15534556941445188,0.7036918788663529,0.06504319047686521
0.16300000000000012,0.08840143262367291,1.588235294117647,1.5647058823529412,0.24171130031841853,19.86296546903008,-0.08784512223664087,0.7036128394378265,0.06574683990771263
0.16400000000000012,0.08893176001740603,1.588235294117647,1.5647058823529412,0.26280104392274845,22.81621728270446,-0.02486768484323898,0.7035864916081688,0.06645043872537204
0.16500000000000012,0.0894618679808618,1.588235294117647,1.5647058823529412,0.28297665946274153,26.10195106984491,0.12001125596204809,0.7037092617684465,0.06715409899065589
0.16600000000000012,0.08999175520605143,1.588235294117647,1.5647058823529412,0.3022831189101433,29.375219321490704,0.28247861710120903,0.7039933448651259,0.06785797141458569
0.16700000000000012,0.0905214203855309,1.588235294117647,1.5647058823529412,0.32076286224810235,32.54172283281507,0.44428069564004535,0.7044400882179103,0.06856223280474459
0.16800000000000012,0.09105086221240406,1.588235294117647,1.5647058823529412,0.3384561683077053,35.57845349187372,0.6004260115866922,0.7050422035782381,0.06926701949418237
0.16900000000000012,0.09158007938032581,1.588235294117647,1.5647058823529412,0.3554013559426856,38.48714560509426,0.7496943024917333,0.7057945042956344,0.06997251287300611
0.17000000000000012,0.09210907058350538,1.588235294117647,1.5647058823529412,0.37163489505088515,41.26740401439927,0.8921757622375244,0.7066887066065184,0.07067881033737698
0.17100000000000012,0.09263783451670958,1.588235294117647,1.5647058823529412,0.3871914888301731,43.92873149759245,1.0278462269361133,0.7077191372433032,0.07138611387037695
0.17200000000000013,0.09316636987526598,1.588235294117647,1.5647058823529412,0.4021041519874157,46.4757758775796,1.1572075704102531,0.7088786433936317,0.0720944802484376
0.17300000000000013,0.09369467535506609,1.588235294117647,1.576470588235294,0.4164042894552283,48.912822308299,1.280502235138462,0.71016197707292,0.0728041247062014
0.17400000000000013,0.0942227496525687,1.588235294117647,1.576470588235294,-0.8090700197466945,51.24567574921585,1.397956305732245,0.7115622398928609,0.07351508733960035
0.17500000000000013,0.09475059146480293,1.588235294117647,1.576470588235294,-0.7424284860486641,-89.74077192805653,1.5098747381339785,0.7130692430789123,0.07422750358325288
0.17600000000000013,0.09527819948937159,1.6,1.576470588235294,-0.6789722092201856,-122.5385170677169,-5.961058580382902,0.7071138243634064,0.07493754863058101
0.17700000000000013,0.09580557242445437,1.6,1.576470588235294,0.6206129207288807,-124.52923389797053,-7.7077035027229845,0.6994143980938334,0.0756398964480887
0.17800000000000013,0.09633270896881092,1.6,1.576470588235294,0.624634995633148,25.217952467905327,-7.824266146645871,0.6915986253423548,0.07633540306766937
0.17900000000000013,0.09685960782178425,1.6,1.576470588235294,0.6285963255835327,68.79501178415215,0.08754529623477514,0.6916815370602136,0.07702704495332437
0.18000000000000013,0.0973862676833038,1.6,1.576470588235294,0.6324821623603306,81.76233747732846,2.381970010445425,0.6940641050720662,0.07772022454666958
0.18100000000000013,0.09791268725388871,1.6,1.576470588235294,0.6362938218978906,85.89663456314706,3.056819880408164,0.6971158672147905,0.07841606433363182
0.18200000000000013,0.09843886523465106,1.6,1.576470588235294,0.6400344978627579,87.47727956199809,3.2642727172483053,0.7003816784044772,0.07911502070362648
0.18300000000000013,0.09896480032729896,1.6,1.576470588235294,0.6437075102626145,88.31372250917505,3.3365648795826375,0.7037161452594575,0.07981706984627314
0.18400000000000014,0.09949049123413985,1.6,1.576470588235294,0.6473161127633267,88.92710827250687,3.369425388693891,0.7070863197734636,0.08052266429408382
0.18500000000000014,0.10001593665808367,1.6,1.576470588235294,0.6508634326732101,89.46818674948572,3.390431807991349,0.7104768374196285,0.0812315403192818
0.18600000000000014,0.10054113530264608,1.6,1.576470588235294,0.6543524556591679,89.98118538548133,3.4075597358348055,0.7138855823459125,0.08194372598437537
0.18700000000000014,0.10106608587195165,1.6,1.576470588235294,0.6577860253854885,90.4794932789798,3.4231475587200864,0.7173097969022179,0.0826593241993948
0.18800000000000014,0.10159078707073699,1.6,1.576470588235294,0.6611668479780604,90.96633136017813,3.4379033811002526,0.7207496083167217,0.08337835453344647
0.18900000000000014,0.10211523760435409,1.6,1.588235294117647,0.664497497901161,91.44465295677914,3.451997406339175,0.724202783594989,0.0841008311712316
0.19000000000000014,0.10263943617877334,1.6,1.588235294117647,-0.5703933506820775,91.91407864420749,3.4655856693242773,0.7276710362054062,0.08482676892645935
0.19100000000000014,0.10316338150058695,1.6,1.588235294117647,-0.5137373756939949,-50.727292750811664,3.478647904410604,0.731151514905017,0.08555618063031219
0.19200000000000014,0.10368707227701186,1.6,1.588235294117647,-0.45976083565164627,-85.18489369448832,-4.0801428304112015,0.7270771785524076,0.0862852696246919
0.19300000000000014,0.10421050721589316,1.6,1.588235294117647,-0.40835219727622996,-88.77661915627928,-5.914938816417266,0.7211708087922356,0.08700868806347668
0.19400000000000014,0.10473368502570717,1.6,1.588235294117647,-0.35939230678650724,-83.77542559959207,-6.116558499856927,0.7150634244417825,0.08772647691523713
0.19500000000000015,0.10525660441556461,1.6,1.588235294117647,-0.31276373561157256,-76.59120919033433,-5.863435409306479,0.7092016189899493,0.08843814950871186
0.19600000000000015,0.10577926409521393,1.6,1.588235294117647,-0.2683533997183987,-69.04528151655852,-5.494718565855168,0.7037068549559164,0.08914416288074656
0.19700000000000015,0.10630166277504431,1.611764705882353,1.588235294117647,-0.22605326440982232,-61.662024476425515,-5.106778107239471,0.698599766367766,0.08984490295361774
0.19800000000000015,0.10682379916608893,1.611764705882353,1.588235294117647,1.0,-54.57424835930792,-4.727364845856837,0.693872134426458,0.09054075673039232
0.19900000000000015,0.10734567198002813,1.611764705882353,1.588235294117647,1.0,89.23468001818621,-4.3635116435496535,0.6895084963112414,0.09123209508817434
0.20000000000000015,0.10786727992919265,1.611764705882353,1.588235294117647,1.0,130.5893041323915,3.2341314146357227,0.6927395617535292,0.09192340937437435
0.20100000000000015,0.10838862172656671,1.611764705882353,1.588235294117647,1.0,142.41198090614432,5.410935600372197,0.6981512189133117,0.0926195474350057
0.20200000000000015,0.10890969608579128,1.611764705882353,1.588235294117647,0.9970637837887136,145.72314756557196,6.025143918842622,0.7041719830094594,0.09332118915452942
0.20300000000000015,0.10943050172116711,1.611764705882353,1.588235294117647,0.985244413233326,146.24270310040671,6.188919709211276,0.710362890340366,0.09402885713613225
0.20400000000000015,0.10995103734765813,1.611764705882353,1.588235294117647,0.9740494476368342,144.9298616551329,6.204899417933712,0.7165673322364376,0.09474243383139531
0.20500000000000015,0.11047130168089439,1.611764705882353,1.6,0.9634944942599982,143.1640321365688,6.123831738683348,0.7227026327554492,0.09546207165188093
0.20600000000000016,0.11099129343717541,1.611764705882353,1.6,-0.28450704127959037,141.3428636028061,6.018691314548877,0.7287279627178125,0.09618830530116694
0.20700000000000016,0.11151101133347317,1.611764705882353,1.6,-0.24041809655737767,-3.511562079875001,5.910527781055753,0.7346453685012023,0.09692049194403922
0.20800000000000016,0.11203045408743548,1.611764705882353,1.6,-0.19840215405738854,-40.09409493760038,-1.7654150390020977,0.7328937548022313,0.09765415321903491
0.20900000000000016,0.11254962041738889,1.611764705882353,1.6,-0.15837192294354915,-45.71424586311877,-3.712742308914118,0.7291885782793871,0.09838472922130227
0.21000000000000016,0.11306850904234218,1.611764705882353,1.6,-0.12023559100348247,-42.64398174303638,-4.021819694365214,0.725177474907099,0.09911169154086025
0.21100000000000016,0.11358711868198922,1.611764705882353,1.6,-0.08390244787275625,-37.29367098845373,-3.871030414420039,0.721308929686936,0.09983468032462542
0.21200000000000016,0.11410544805671229,1.611764705882353,1.6,-0.04928506476254299,-31.498698008140234,-3.5995443896096604,0.7177108785071163,0.10055389989860287
0.21300000000000016,0.11462349588758512,1.611764705882353,1.6,-0.016299891740301428,-25.778449960636372,-3.3044757456067426,0.7144071182481403,0.10126970015669437
0.21400000000000016,0.11514126089637627,1.611764705882353,1.6,0.015132674723432743,-20.273495179948558,-3.0133093202746535,0.7113946427385539,0.10198236286099302
0.21500000000000016,0.11565874180555201,1.611764705882353,1.6,0.04508839726908402,-15.01339314155574,-2.7334879591038765,0.7086622887125827,0.1026922293316669
0.21600000000000016,0.11617593733827963,1.611764705882353,1.6,0.07363935558446909,-9.999065740893768,-2.4665790310204874,0.7061969601687842,0.10339951058691696
0.21700000000000016,0.11669284621843058,1.611764705882353,1.6,0.1008541161569567,-5.221729387612173,-2.212635478381115,0.7039856757782809,0.10410446493423949
0.21800000000000017,0.11720946717058357,1.6235294117647059,1.6,0.12679790036127564,-0.6708330891083132,-1.9711965733826902,0.7020159493135417,0.10480734070030293
0.21900000000000017,0.11772579892002778,1.6235294117647059,1.6,1.0,3.664500532312528,-1.741707872287456,0.7002758225570581,0.10550837359769677
0.22000000000000017,0.11824184019276594,1.6235294117647059,1.611764705882353,1.0,105.85681669668412,-1.5235974726676695,0.6987539157998404,0.10620778761296325
0.22100000000000017,0.11875758971551749,1.6235294117647059,1.611764705882353,0.09333303660400374,135.21868698038392,3.8720109504948708,0.7026257031648644,0.10690872715796718
0.22200000000000017,0.11927304621572175,1.6235294117647059,1.611764705882353,0.1199315132584098,38.80072774210939,5.41414774307499,0.7080414459760643,0.10761472364685623
0.22300000000000017,0.11978820842154105,1.6235294117647059,1.611764705882353,0.145327686110506,14.110120328007103,0.3013557573123071,0.7083555862295859,0.10832295985977512
0.22400000000000017,0.12030307506186388,1.6235294117647059,1.611764705882353,0.16955262056315845,9.9520844717313,-1.0164002819881044,0.7073531887533633,0.10903071658633144
0.22500000000000017,0.12081764486630799,1.6235294117647059,1.611764705882353,0.19265741871069447,11.57261637286233,-1.247778437672459,0.7061141043063829,0.10973736968748181
0.22600000000000017,0.12133191656522349,1.6235294117647059,1.611764705882353,0.2146935171611189,14.728277095653262,-1.1733988863883162,0.7049385856438819,0.11044289343320558
0.22700000000000017,0.12184588888969611,1.6235294117647059,1.611764705882353,0.2357119825524045,18.19908972801859,-1.017777004833124,0.7039231919252814,0.11114722436764732
0.22800000000000017,0.12235956057155026,1.6235294117647059,1.611764705882353,0.2557621148664497,21.640290064768575,-0.8454654631634868,0.7030792424016903,0.11185066246827491
0.22900000000000018,0.12287293034335209,1.6235294117647059,1.611764705882353,0.27489105387410095,24.95864051588695,-0.6747075093281905,0.7024068325320328,0.1125533380129344
0.23000000000000018,0.12338599693841275,1.6235294117647059,1.611764705882353,0.29314372186616006,28.132410943619757,-0.510439483700762,0.7018979573157631,0.11325545159277885
0.23100000000000018,0.1238987590907914,1.6235294117647059,1.611764705882353,0.31056287671113025,31.161088645528626,-0.3538132843791375,0.7015466049464141,0.11395713865299385
0.23200000000000018,0.12441121553529838,1.6235294117647059,1.611764705882353,0.3271891987906933,34.049076779243485,-0.2048587956965866,0.7013436478145716,0.11465857077680928
0.23300000000000018,0.1249233650074984,1.6235294117647059,1.611764705882353,0.3430613860591143,36.80076213255051,-0.06334513853816626,0.7012827074521828,0.11535987797858875
0.23400000000000018,0.12543520624371354,1.6235294117647059,1.611764705882353,0.35821624865683804,39.42670040554428,0.07095753043000186,0.701355920129426,0.11606120085766496
0.23500000000000018,0.12594673798102643,1.6235294117647059,1.611764705882353,0.37268880032822443,41.93119402644458,0.19860549764306756,0.7015571821850042,0.1167626768461721
0.23600000000000018,0.12645795895728332,1.6235294117647059,1.6235294117647059,0.3865123458594001,44.32100638415581,0.3198246300144485,0.7018792623765556,0.1174644163692856
0.23700000000000018,0.1269688679110973,1.6235294117647059,1.6235294117647059,-0.83846618663315,46.60003591088068,0.4349709189308013,0.7023108686513678,0.11816653502737422
0.23800000000000018,0.1274794635818513,1.6235294117647059,1.6235294117647059,-0.7724376799077576,-94.32916202783628,0.5442480334816715,0.7028592413038883,0.11886919446659644
0.23900000000000018,0.12798974470970131,1.6235294117647059,1.6235294117647059,-0.709597344507864,-127.16735142709099,-6.92343464936168,0.6959413551843441,0.11956855159092537
0.24000000000000019,0.12849971003557933,1.6352941176470588,1.6235294117647059,-0.6498128030828179,-129.22532953947675,-8.671980640965254,0.6872775768991717,0.1202591294479214
0.2410000000000002,0.12900935830119659,1.6352941176470588,1.6235294117647059,0.6450880287701324,-122.77424691153138,-8.791849697528034,0.6784941481206977,0.12094201526316861
0.2420000000000002,0.12951868824904667,1.6352941176470588,1.6235294117647059,0.6457317900049447,28.87202174344088,-8.461362716950706,0.6700322169374557,0.1216156576086686
0.2430000000000002,0.13002769862240862,1.6352941176470588,1.6235294117647059,0.6464004489469066,72.6142465281986,-0.4486707118753508,0.6695800975551423,0.12228543559830565
0.2440000000000002,0.13053638816534985,1.6352941176470588,1.6235294117647059,0.6470935204281512,85.25625763107905,1.8549042167913983,0.6714352722192257,0.12295618083846283
0.2450000000000002,0.13104475562272955,1.6352941176470588,1.6235294117647059,0.6478100604416479,88.93730228428632,2.512962147652309,0.6739432220255502,0.12362907604890304
0.2460000000000002,0.13155279974020148,1.6352941176470588,1.6235294117647059,0.6485490074195723,90.03845677972666,2.6968630598055925,0.6766416661637966,0.12430455509390093
0.2470000000000002,0.13206051926421736,1.6352941176470588,1.6235294117647059,0.6493092961153868,90.39839759945504,2.7442244697864613,0.6793854644151771,0.1249825743833736
0.2480000000000002,0.13256791294202971,1.6352941176470588,1.6235294117647059,0.650089894458663,90.54720555850092,2.7523257802505716,0.6821396222358436,0.12566333748339242
0.2490000000000002,0.13307497952169506,1.6352941176470588,1.6235294117647059,0.6508898143735388,90.63800463052837,2.7492129319361935,0.6848928547983933,0.12634685420258385
0.25000000000000017,0.13358171775207703,1.6352941176470588,1.6235294117647059,0.6517082080504266,90.71450507264205,2.7429876459583853,0.687640172823237,0.12703312094884037
0.25100000000000017,0.1340881263828494,1.6352941176470588,1.6235294117647059,0.6525442027653352,90.78849440288761,2.735962708017029,0.6903806437578397,0.12772213150268943
0.25200000000000017,0.13459420416449924,1.6352941176470588,1.6352941176470588,0.6533968674045482,90.86427440178315,2.7287574245642667,0.693113794211669,0.1284141582732407
0.25300000000000017,0.13509994984832993,1.6352941176470588,1.6352941176470588,-0.5849231350340842,90.94262097830709,2.7216074596606457,0.6958397830482917,0.1291087006818897
0.25400000000000017,0.13560536218646424,1.6352941176470588,1.6352941176470588,-0.5305631008739092,-52.195752038590165,2.714551497176186,0.6985587745989277,0.1298059071894322
0.25500000000000017,0.13611043993184752,1.6352941176470588,1.6352941176470588,-0.47884899148019944,-87.04990682559192,-4.869945520111053,0.6937002480873851,0.13050180001483247
0.25600000000000017,0.13661518183825055,1.6352941176470588,1.6352941176470588,-0.4296628525737955,-91.00781253437577,-6.725122080340595,0.6869829407450498,0.13119132044798973
0.2570000000000002,0.13711958666027296,1.6352941176470588,1.6352941176470588,-0.3828830201259992,-86.35369721900135,-6.945503731371057,0.6800466633512913,0.13187448042288077
0.2580000000000002,0.13762365315334593,1.6352941176470588,1.6352941176470588,-0.3383883340165969,-79.50349489347506,-6.71011825821515,0.6733380132493119,0.13255065859968473
0.2590000000000002,0.13812738007373548,1.6352941176470588,1.6352941176470588,-0.2960646051833883,-72.2913951268048,-6.358434062217188,0.6669795043633739,0.13322030871825233
0.2600000000000002,0.13863076617854558,1.6352941176470588,1.6352941176470588,-0.2558049052819614,-65.23148578522542,-5.987502569360446,0.6609915970793516,0.1338838132892814
0.2610000000000002,0.13913381022572097,1.6470588235294117,1.6352941176470588,-0.2175084087403944,-58.45904785712082,-5.624529624902085,0.6553667081305463,0.1345415406473148
0.2620000000000002,0.13963651097405053,1.6470588235294117,1.6352941176470588,1.0,-52.002533994516895,-5.276678544863422,0.650089798867745,0.13519384615515118
0.2630000000000002,0.14013886718317012,1.6470588235294117,1.6352941176470588,1.0,90.64690538564774,-4.945460182689931,0.645144260685343,0.13584106817745306
0.2640000000000002,0.14064087761356575,1.6470588235294117,1.6352941176470588,1.0,131.67639474025472,2.591610081291353,0.64773265146044,0.1364876543785407
0.2650000000000002,0.14114254102657653,1.6470588235294117,1.6352941176470588,1.0,143.41697544386324,4.7519981144396315,0.6524850461888975,0.13713837106821464
0.2660000000000002,0.1416438561843979,1.6470588235294117,1.6352941176470588,0.9885086089883272,146.7138953225625,5.362659920602457,0.6578431082908018,0.13779396698324925
0.2670000000000002,0.14214482185008454,1.6470588235294117,1.6352941176470588,0.9734180686036766,146.25061516986568,5.526490535095844,0.6633713286396226,0.13845491751342995
0.2680000000000002,0.14264543678755348,1.6470588235294117,1.6352941176470588,0.9590451187908093,144.2890620385637,5.491289708152629,0.6688721459806753,0.1391210870623485
0.2690000000000002,0.14314569976158711,1.6470588235294117,1.6470588235294117,0.945406517699166,141.97955962599067,5.376731019354114,0.6742609481903212,0.13979265645990482
0.2700000000000002,0.14364560953783623,1.6470588235294117,1.6470588235294117,-0.3056649811126114,139.65796251216958,5.243670733861061,0.6795111315507573,0.14047001961953698
0.2710000000000002,0.14414516488282322,1.6470588235294117,1.6470588235294117,-0.26447309495591437,-5.683575100556974,5.109890883253142,0.6846282768112544,0.14115241302026416
0.2720000000000002,0.14464436456394494,1.6470588235294117,1.6470588235294117,-0.22527134762513423,-42.728617545927676,-2.590953112084357,0.6820480844522754,0.14183564363786116
0.2730000000000002,0.14514320734947578,1.6470588235294117,1.6470588235294117,-0.18797656609904784,-48.79353707327144,-4.561864597546284,0.6774932241829805,0.14251483376892024
0.2740000000000002,0.14564169200857072,1.6470588235294117,1.6470588235294117,-0.1524999923011241,-46.15449365458026,-4.893575040128219,0.6726102600944303,0.14318962451914738
0.2750000000000002,0.1461398173112684,1.6470588235294117,1.6470588235294117,-0.11875434273157286,-41.22138283347229,-4.764685718467722,0.6678477420686869,0.14385941697653412
0.2760000000000002,0.14663758202849428,1.6470588235294117,1.6470588235294117,-0.08665562515728788,-35.83175976432056,-4.514346735451864,0.6633340100165602,0.14452474033484078
0.2770000000000002,0.14713498493206326,1.6470588235294117,1.6470588235294117,-0.0561236184709684,-30.505158570859972,-4.2397818471187625,0.6590950529405577,0.14518562011391814
0.2780000000000002,0.14763202479468318,1.6470588235294117,1.6470588235294117,-0.027081905835163386,-25.381895457254004,-3.968486254822994,0.6551273945203598,0.14584250043615632
0.2790000000000002,0.1481287003899576,1.6470588235294117,1.6470588235294117,0.0005422373444825823,-20.493654359403386,-3.707886760511186,0.6514204629247136,0.14649555527142719
0.2800000000000002,0.14862501049238883,1.6470588235294117,1.6470588235294117,0.026817998661508788,-15.840401205880228,-3.459663750016751,0.6479618254530393,0.14714503452646888
0.2810000000000002,0.14912095387738106,1.6470588235294117,1.6470588235294117,0.05181119288359279,-11.414430022587537,-3.2238193308885505,0.6447391448620424,0.147791181456504
0.2820000000000002,0.14961652932124328,1.6470588235294117,1.6470588235294117,0.07558442371304819,-7.205625450308097,-2.999949488386341,0.6417404355210891,0.14843422635894116
0.2830000000000002,0.15011173560119234,1.6470588235294117,1.6470588235294117,0.09819723955038356,-3.203584199461812,-2.7875225412947997,0.6389542549467597,0.14907438787249483
0.2840000000000002,0.15060657149535597,1.6588235294117646,1.6470588235294117,0.11970628229873437,0.6017636924107453,-2.5859913915573007,0.6363697034058802,0.14971187331114205
0.2850000000000002,0.15110103578277578,1.6588235294117646,1.6588235294117646,1.0,4.219928927026915,-2.394826404187503,0.6339764119336703,0.15034687926785545
0.2860000000000002,0.15159512724341032,1.6588235294117646,1.6588235294117646,0.10590963126360708,107.03580203811593,-2.213527369483452,0.6317645115377728,0.15097959212630105
0.2870000000000002,0.15208884465813802,1.6588235294117646,1.6588235294117646,0.12705696142520656,33.2530808355756,3.216217252520231,0.6349802512295215,0.1516131587957281
0.2880000000000002,0.15258218680876023,1.6588235294117646,1.6588235294117646,0.14720073286467378,14.464827484334872,-0.6977201853813395,0.6342915994579925,0.15224772340095385
0.2890000000000002,0.15307515247800418,1.6588235294117646,1.6588235294117646,0.166368998685141,11.409609371231596,-1.7019300538642137,0.6326017405930113,0.15288100570557847
0.2900000000000002,0.15356774044952623,1.6588235294117646,1.6588235294117646,0.18460592946936327,12.773788426514555,-1.8736907223969657,0.6307353305915782,0.15351254064244071
0.2910000000000002,0.15405994950791438,1.6588235294117646,1.6588235294117646,0.2019541415069194,15.301874370443127,-1.8115967949327128,0.6289223574855161,0.1541423627027102
0.2920000000000002,0.1545517784386918,1.6588235294117646,1.6588235294117646,0.21845605033466206,18.060611620930896,-1.6878901771271808,0.6272365520195425,0.15477028101384702
0.2930000000000002,0.15504322602831944,1.6588235294117646,1.6588235294117646,0.23415263848737614,20.78584402231689,-1.551954145008021,0.6256862581649245,0.15539664468219697
0.2940000000000002,0.15553429106419925,1.6588235294117646,1.6588235294117646,0.2490831042238641,23.406200172313266,-1.4177654690626331,0.6242704826222053,0.15602148564036605
0.2950000000000002,0.15602497233467708,1.6588235294117646,1.6588235294117646,0.2632848057700695,25.905858911258637,-1.2891039792811598,0.6229830903357192,0.15664503086615322
0.2960000000000002,0.15651526862904566,1.6588235294117646,1.6588235294117646,0.2767933026888864,28.284587564358013,-1.1668073720036054,0.6218184495266725,0.15726731856174891
0.2970000000000002,0.1570051787375476,1.6588235294117646,1.6588235294117646,0.28964242724664824,30.546651529281835,-1.0508911355356871,0.6207694311750407,0.15788854720415563
0.2980000000000002,0.15749470145137845,1.6588235294117646,1.6588235294117646,0.301864363153819,32.697267051262656,-0.941130861065687,0.6198245708322929,0.15850879606566465
0.2990000000000002,0.15798383556268955,1.6588235294117646,1.6588235294117646,0.31348972414443843,34.74036138556486,-0.8372509709990399,0.6189909256776919,0.15912809066677733
0.3000000000000002,0.1584725798645911,1.6588235294117646,1.6588235294117646,0.32454762996873077,36.684704839513444,-0.7390468425474763,0.6182527615669566,0.15974662881054724
0.3010000000000002,0.15896093315115514,1.6588235294117646,1.6588235294117646,0.33506577909987567,38.53238067804732,-0.6460553292730169,0.6176059006485317,0.1603644656770782
0.3020000000000002,0.15944889421741848,1.6588235294117646,1.6588235294117646,0.34507051803545186,40.2880542750981,-0.5581681750649476,0.6170514158140733,0.16098172432290545
0.3030000000000002,0.15993646185938565,1.6588235294117646,1.6705882352941177,0.3545869072648582,41.95656746988897,-0.47513974992905395,0.6165774242264633,0.16159848051751746
0.3040000000000002,0.16042363487403202,1.6588235294117646,1.6705882352941177,-0.8745410677087664,43.543186423824864,-0.39671460882830356,0.6161808718220099,0.16221478013683624
0.3050000000000002,0.1609104120593066,1.6588235294117646,1.6705882352941177,-0.8125196136712193,-98.05145845667269,-0.32261660705599216,0.6158605238762649,0.16283077858888773
0.3060000000000002,0.16139679221413503,1.6705882352941177,1.6705882352941177,-0.753549599305592,-131.53028473880298,-7.824033364215122,0.6080482212565707,0.16344230485843053
0.3070000000000002,0.1618827741384226,1.6705882352941177,1.6705882352941177,0.5405270492163348,-134.2058291698599,-9.604989833757266,0.5984491609503236,0.16404431606159206
0.3080000000000002,0.16236835663305738,1.6705882352941177,1.6705882352941177,0.5403311831006757,14.736773065676644,-9.75602924587771,0.5887007134423228,0.16463736987231742
0.3090000000000002,0.16285353849991266,1.6705882352941177,1.6705882352941177,0.5401444713779157,57.62521645370377,-1.8850067673668,0.5868129719259625,0.16522503580240028
0.3100000000000002,0.16333831854185052,1.6705882352941177,1.6705882352941177,0.5399667356439215,69.94557698153767,0.37480040858493036,0.5871901294852676,0.165812044947604
0.3110000000000002,0.16382269556272433,1.6705882352941177,1.6705882352941177,0.5397976288009485,73.45659434930347,1.0172665519372974,0.588208922319291,0.16639987867513276
0.3120000000000002,0.164306668367382,1.6705882352941177,1.6705882352941177,0.5396367605306588,74.42938404278243,1.1936224594242586,0.5894023939992821,0.16698877809538762
0.3130000000000002,0.1647902357616687,1.6705882352941177,1.6705882352941177,0.5394837391635021,74.67167419221455,1.2356659372671008,0.5906344726325058,0.16757881073474382
0.3140000000000002,0.16527339655242998,1.6705882352941177,1.6705882352941177,0.5393381852285547,74.7044327548176,1.239038122358715,0.5918769811877604,0.16817023219149055
0.3150000000000002,0.16575614954751464,1.6705882352941177,1.6705882352941177,0.5391997354309311,74.67812343494207,1.231304721914749,0.5931108637097451,0.1687629317610263
0.3160000000000002,0.16623849355577758,1.6705882352941177,1.6705882352941177,0.5390680434130128,74.63562881293171,1.2204296310497584,0.5943357776377731,0.1693567221359634
0.3170000000000002,0.16672042738708295,1.6705882352941177,1.6705882352941177,0.5389427794536419,74.58908172305908,1.2086804233478068,0.5955498692285671,0.16995168550709483
0.3180000000000002,0.16720194985230696,1.6705882352941177,1.6705882352941177,0.5388236298344273,74.54279927380558,1.1966987308478245,0.5967523655791888,0.17054784154119143
0.31900000000000023,0.16768305976334075,1.6705882352941177,1.6705882352941177,0.5387102961191088,74.49716513394856,1.1847129984972486,0.5979430063617432,0.17114518889013147
0.32000000000000023,0.16816375593309346,1.6705882352941177,1.6705882352941177,0.5386024944281219,74.4527508937623,1.1727436692850728,0.599121715735559,0.1717437191502685
0.32100000000000023,0.16864403717549506,1.6705882352941177,1.6705882352941177,0.5384999547350157,74.40914625799459,1.1608211664233545,0.6002884996379292,0.1723434215700728
0.32200000000000023,0.16912390230549934,1.6705882352941177,1.6823529411764706,0.5384024201926164,74.36681207701555,1.1489239747458586,0.6014433769220562,0.1729442846279556
0.32300000000000023,0.1696033501390868,1.6705882352941177,1.6823529411764706,-0.6998599879393328,74.3257252558294,1.1370766742390055,0.6025863871331141,0.17354629657200527
0.32400000000000023,0.17008237949326754,1.6705882352941177,1.6823529411764706,-0.6465292629074332,-68.81620537057744,1.1252782405007848,0.6037175760306709,0.17414944560404227
0.32500000000000023,0.1705609891860843,1.6705882352941177,1.6823529411764706,-0.5958310065072043,-103.76534076478984,-6.4578083555429195,0.5972644867188631,0.1747498924023745
0.32600000000000023,0.1710391780366152,1.6705882352941177,1.6823529411764706,-0.5476556405356945,-107.84107253666201,-8.316380855932808,0.5889557320572132,0.17534199567212586
0.32700000000000023,0.1715169448649768,1.6705882352941177,1.6823529411764706,-0.5018861049135324,-103.31614656053456,-8.541342388927486,0.5804227327827651,0.17592613970675203
0.32800000000000024,0.17199428849232695,1.6705882352941177,1.6823529411764706,-0.458407030894866,-96.59538107949804,-8.311114354622621,0.5721124208361827,0.1765017686656795
0.32900000000000024,0.1724712077408677,1.6823529411764706,1.6823529411764706,-0.41710731689726993,-89.51264005675723,-7.964575762368671,0.5641471715276165,0.17706925912938132
0.33000000000000024,0.1729477014338482,1.6823529411764706,1.6823529411764706,0.8602490841229676,-82.58405884648919,-7.598760796432151,0.5565473879364382,0.17762899452413658
0.33100000000000024,0.1734237683955676,1.6823529411764706,1.6823529411764706,0.8440784645861286,67.15363539997632,-7.240983518649019,0.5493054219540171,0.1781813377737171
0.33200000000000024,0.17389940745137808,1.6823529411764706,1.6823529411764706,0.8286735408092655,108.38559160876449,0.6727343206337175,0.5499738768010821,0.17873100957089655
0.33300000000000024,0.17437461742768745,1.6823529411764706,1.6823529411764706,0.8140176945473228,118.4325073624212,2.845482248904341,0.5528189868739642,0.17928276979227678
0.33400000000000024,0.17484939715196243,1.6823529411764706,1.6823529411764706,0.8000739672918202,119.57926446016278,3.3682125252390285,0.556183093109098,0.17983748487577805
0.33500000000000024,0.17532374545273122,1.6823529411764706,1.6823529411764706,0.7868080072929895,118.2474517937428,3.419994015100453,0.559600887938984,0.18039537323871593
0.33600000000000024,0.17579766115958648,1.6823529411764706,1.6823529411764706,0.7741886160864024,116.27720090063757,3.340583567246059,0.5629515420288437,0.18095665159296975
0.33700000000000024,0.17627114310318837,1.6823529411764706,1.6823529411764706,0.7621848725936784,114.20157884841583,3.227337762699575,0.5661844439024358,0.18152151342991196
0.33800000000000024,0.17674419011526726,1.6823529411764706,1.6823529411764706,0.7507669426698009,112.16993738589069,3.108467413840197,0.5692986394916182,0.18208953762777216
0.33900000000000025,0.17721680102862666,1.6823529411764706,1.6823529411764706,0.7399063051851438,110.2177447839173,2.991876473341387,0.572296232668886,0.18266060667930814
0.34000000000000025,0.17768897467714612,1.6823529411764706,1.6823529411764706,0.729575782599855,108.35764123744143,2.879443380951818,0.5751813592520927,0.18323460581541542
0.34100000000000025,0.17816070989578411,1.6823529411764706,1.6941176470588235,0.719749507484968,106.58614159333116,2.771838683078092,0.5779588353014589,0.18381142532157665
0.34200000000000025,0.17863200552058087,1.6823529411764706,1.6941176470588235,-0.5277537964921517,104.89791770867902,2.668879670283169,0.5806333066476811,0.18439096038805186
0.34300000000000025,0.17910286038866124,1.6823529411764706,1.6941176470588235,-0.48321853198140596,-39.81000070783734,2.5702860503578284,0.5832091411349188,0.18497311068450786
0.34400000000000025,0.17957327333823775,1.6823529411764706,1.6941176470588235,-0.440891215222569,-76.24786791107685,-5.095317216837909,0.5781259694585854,0.185553495817919
0.34500000000000025,0.18004324320861312,1.6823529411764706,1.6941176470588235,-0.40067986493264585,-81.73902948412962,-7.032345422853721,0.5710994501179375,0.18612718962570934
0.34600000000000025,0.1805127688401835,1.6823529411764706,1.6941176470588235,-0.36248617546747364,-78.55959380643552,-7.331903447266868,0.5637767801943744,0.18669410965193545
0.34700000000000025,0.18098184907444098,1.6823529411764706,1.6941176470588235,-0.32621334949587966,-73.12051574081046,-7.172593716210489,0.5566055550742413,0.18725389518660626
0.34800000000000025,0.18145048275397668,1.6823529411764706,1.6941176470588235,-0.29176819873382176,-67.25600366030714,-6.893613241510183,0.5497121273412642,0.1878065041861435
0.34900000000000025,0.18191866872248375,1.6823529411764706,1.6941176470588235,-0.2590617051796884,-61.490885525356916,-6.592015684364572,0.5431196588868865,0.1883523998740803
0.35000000000000026,0.18238640582475968,1.6823529411764706,1.6941176470588235,-0.22800906763270415,-55.94889929291594,-6.295573838782653,0.5368237036523644,0.18889187163034615
0.35100000000000026,0.18285369290670977,1.6823529411764706,1.6941176470588235,-0.19852958067303333,-50.671805762649825,-6.010839277560981,0.5308125598165079,0.18942521381329722
0.35200000000000026,0.18332052881534952,1.6823529411764706,1.6941176470588235,-0.1705464635011381,-45.65708778490379,-5.740025949668496,0.525072353220251,0.1899527027592706
0.35300000000000026,0.1837869123988078,1.6941176470588235,1.6941176470588235,-0.14398667812401386,-40.89511358259388,-5.483006657298878,0.5195894586154561,0.19047471287905318
0.35400000000000026,0.18425284250632942,1.6941176470588235,1.6941176470588235,1.0,-36.3739597901798,-5.2392737748536975,0.5143503946306983,0.19099136731063765
0.35500000000000026,0.18471831798827823,1.6941176470588235,1.6941176470588235,1.0,97.22157503346597,-5.008200184282405,0.5093424890676405,0.19150289948701774
0.35600000000000026,0.1851833376961397,1.6941176470588235,1.6941176470588235,1.0,135.6535882446765,2.052096271115958,0.5113914738255376,0.19201337304290544
0.35700000000000026,0.18564790048252397,1.6941176470588235,1.6941176470588235,1.0,146.65524110011972,4.077325022189321,0.5154683961339493,0.19252732161143193
0.35800000000000026,0.18611200520116847,1.6941176470588235,1.6941176470588235,1.0,149.75179180428142,4.651172578012012,0.5201146473147799,0.19304549701998483
0.35900000000000026,0.18657565070694102,1.6941176470588235,1.6941176470588235,0.9854156238495837,150.56928879483988,4.806694891040447,0.5249222554089642,0.1935683576089808
0.36000000000000026,0.18703883585584236,1.6941176470588235,1.6941176470588235,0.9625703063991585,149.0464235762183,4.84156394760284,0.5297634336328507,0.19409571586125948
0.36100000000000027,0.18750155950500919,1.6941176470588235,1.7058823529411764,0.9407339163836294,145.89226869303408,4.752531361714608,0.5345268492471671,0.19462786337791407
0.36200000000000027,0.18796382051271693,1.6941176470588235,1.7058823529411764,-0.3181667992372077,142.39000421190678,4.577110527830229,0.5391101390370793,0.19516498887675707
0.36300000000000027,0.1884256177383825,1.6941176470588235,1.7058823529411764,-0.2845436343463453,-4.18440241995038,4.383201425684879,0.5434996948880882,0.19570658326853393
0.36400000000000027,0.18888695004256714,1.6941176470588235,1.7058823529411764,-0.25260117441007474,-42.44706910212097,-3.3805214519103726,0.5401302462883746,0.19624823937080355
0.36500000000000027,0.18934781628697928,1.6941176470588235,1.7058823529411764,-0.22226908449034471,-49.68858933105448,-5.4134931308137695,0.5347268849655964,0.19678504664105417
0.36600000000000027,0.1898082153344772,1.6941176470588235,1.7058823529411764,-0.1934728739471768,-48.17896210643738,-5.805077660697364,0.5289313257301939,0.19731642278165978
0.36700000000000027,0.19026814604907208,1.6941176470588235,1.7058823529411764,-0.16613896904584835,-44.32820194365119,-5.733561506183296,0.5231939429100392,0.19784246504184458
0.36800000000000027,0.19072760729593055,1.6941176470588235,1.7058823529411764,-0.1401964651738087,-39.97523765369633,-5.538081007785463,0.5176569313374249,0.1983624444508127
0.36900000000000027,0.1911865979413777,1.6941176470588235,1.7058823529411764,-0.11557760597122588,-35.6420520735829,-5.315944107056045,0.5123413296778541,0.19887711052381993
0.3700000000000003,0.19164511685289973,1.6941176470588235,1.7058823529411764,-0.09221783633268782,-31.470951531086133,-5.094770361719257,0.5072469841863507,0.1993865834193758
0.3710000000000003,0.19210316289914683,1.6941176470588235,1.7058823529411764,-0.07005571623825348,-27.495282507143322,-4.882092384828841,0.5023653269547269,0.19989107061658032
0.3720000000000003,0.19256073494993586,1.6941176470588235,1.7058823529411764,-0.049032792470390246,-23.717456233030493,-4.679677842642514,0.4976861702075933,0.20039078076809244
0.3730000000000003,0.19301783187625332,1.6941176470588235,1.7058823529411764,-0.02909346088387582,-20.131061423608745,-4.487657467847318,0.4931991113886672,0.2008859113846485
0.3740000000000003,0.19347445255025797,1.6941176470588235,1.7058823529411764,-0.010184830071175363,-16.727904819380413,-4.3056950434155725,0.4888940959742013,0.2013766500720973
0.3750000000000003,0.1939305958452837,1.6941176470588235,1.7058823529411764,0.007743410124135611,-13.499375660750637,-4.133359909703209,0.4847614931517791,0.2018631744357761
0.3760000000000003,0.1943862606358422,1.6941176470588235,1.7058823529411764,0.024739114288561473,-10.436726074388543,-3.970199166217033,0.48079212622938594,0.20234565262303741
0.3770000000000003,0.19484144579762594,1.7058823529411764,1.7058823529411764,0.04084780119293856,-7.532130634755446,-3.815752513546671,0.47697727805699464,0.20282424375565364
0.3780000000000003,0.19529615020751082,1.7058823529411764,1.7058823529411764,1.0,-4.777785262727475,-3.669608320739285,0.47330864353867463,0.20329909836327242
0.3790000000000003,0.19575037274355886,1.7058823529411764,1.7058823529411764,1.0,106.92397368101153,-3.531354897092179,0.4697783047424708,0.20377029208833627
0.3800000000000003,0.19620411228502113,1.7058823529411764,1.7058823529411764,1.0,139.04736600871993,2.371206685310016,0.4721458349703073,0.204241403760152
0.3810000000000003,0.19665736771234044,1.7058823529411764,1.7058823529411764,1.0,148.2347277170706,4.063295069007938,0.4762090332050343,0.20471609012351952
0.3820000000000003,0.19711013790715404,1.7058823529411764,1.7058823529411764,1.0,150.80839416496596,4.541795442213068,0.48074685815146434,0.20519485841065596
0.3830000000000003,0.19756242175229646,1.7058823529411764,1.7176470588235293,1.0,151.47747991110245,4.670298086593462,0.48541812784101906,0.205678294577843
0.3840000000000003,0.19801421813180237,1.7058823529411764,1.7176470588235293,-0.15109484126274525,151.59826693970328,4.697962285221921,0.4901134389454747,0.20616612143234345
0.3850000000000003,0.19846552593090905,1.7058823529411764,1.7176470588235293,-0.12657595811875733,18.522305906341938,4.696543754166001,0.4948129471080191,0.2066585863771752
0.3860000000000003,0.19891634403605932,1.7058823529411764,1.7176470588235293,-0.10327221646204525,-16.922034294132555,-2.35220622795565,0.4924722326072948,0.207152088036827
0.3870000000000003,0.1993666713349044,1.7058823529411764,1.7176470588235293,-0.08115223216644638,-24.368685757171043,-4.235298981643826,0.48824295493245384,0.20764190991905906
0.3880000000000003,0.19981650671630644,1.7058823529411764,1.7176470588235293,-0.06016445509079642,-23.885032418254866,-4.636992893171302,0.4836156776156683,0.20812754176717482
0.3890000000000003,0.20026584907034126,1.7058823529411764,1.7176470588235293,-0.04025688188170569,-21.249318492711396,-4.619031736801351,0.47899526624611255,0.20860880512846797
0.3900000000000003,0.20071469728830138,1.7058823529411764,1.7176470588235293,-0.021377891977870586,-18.120719192388133,-4.487130164518519,0.4745076028447471,0.2090852656200172
0.3910000000000003,0.20116305026269837,1.7058823529411764,1.7176470588235293,-0.003477653478701284,-14.971496982603936,-4.329077535013708,0.47017948646689955,0.20955717079657266
0.3920000000000003,0.20161090688726593,1.7058823529411764,1.7176470588235293,0.013491481048400825,-11.933489308825727,-4.169867493742403,0.46600980415064425,0.21002494087161402
0.3930000000000003,0.20205826605696225,1.7058823529411764,1.7176470588235293,0.029574917354985714,-9.034438035787355,-4.0164748271495405,0.46199428546478116,0.21048853621466596
0.3940000000000003,0.2025051266679731,1.7058823529411764,1.7176470588235293,0.044815873368021925,-6.282829023652323,-3.8703725333438213,0.4581242015073482,0.21094828404162633
0.3950000000000003,0.20295148761771434,1.7058823529411764,1.7176470588235293,0.05925546713793608,-3.6705768713325284,-3.7320092889743,0.4543932855670554,0.21140416423045025
0.3960000000000003,0.2033973478048347,1.7058823529411764,1.7176470588235293,0.07293281294690229,-1.1943071343121319,-3.6009617787750194,0.4507927470725109,0.21185645831769245
0.3970000000000003,0.2038427061292185,1.7058823529411764,1.7176470588235293,0.08588511694920062,1.1527655183943724,-3.4770513698808383,0.4473169350826279,0.21230515940560651
0.3980000000000003,0.20428756149198832,1.7058823529411764,1.7176470588235293,0.09814776957545931,3.37703096649453,-3.3599229107949524,0.4439575624314351,0.2127505099132229
0.3990000000000003,0.20473191279550776,1.7058823529411764,1.7176470588235293,0.10975443391220485,5.484539989730779,-3.2492395964028384,0.4407040270993004,0.21319258963832008
0.4000000000000003,0.2051757589433842,1.7058823529411764,1.7176470588235293,0.1207371299321721,7.481094289666131,-3.1446797256951626,0.43756188299124704,0.21363129920826765
0.4010000000000003,0.20561909884047136,1.7176470588235293,1.7176470588235293,0.13112631466904265,9.371937704506376,-3.045944009463111,0.43451613269934536,0.21406712243549503
0.4020000000000003,0.20606193139287213,1.7176470588235293,1.7176470588235293,1.0,11.161639875987952,-2.952753221367302,0.43156486338739036,0.21449994615528595
0.4030000000000003,0.2065042555079412,1.7176470588235293,1.7176470588235293,1.0,112.14207970932183,-2.864867010265857,0.428701061859665,0.2149298595862874
0.4040000000000003,0.2069460700942878,1.7176470588235293,1.7176470588235293,1.0,141.17663244812528,2.471106597856401,0.43116962104137585,0.21535994614486978
0.4050000000000003,0.20738737406177832,1.7176470588235293,1.7176470588235293,1.0,149.47547884087078,4.000434382444086,0.43516987606187796,0.21579361048861564
0.4060000000000003,0.2078281663215391,1.7176470588235293,1.7176470588235293,1.0,151.79625440192575,4.432592200012339,0.4395987637040927,0.21623130154846823
0.4070000000000003,0.2082684457859591,1.7176470588235293,1.7294117647058824,1.0,152.39404040524406,4.548383593419242,0.44414803355154564,0.2166736020321988
0.4080000000000003,0.20870821136869244,1.7176470588235293,1.7294117647058824,-0.09374529896575591,152.49589987314968,4.5729480058695025,0.44872000395554057,0.21712006724945881
0.4090000000000003,0.20914746198466133,1.7176470588235293,1.7294117647058824,-0.0730497965879446,26.157454769932105,4.571202242536261,0.4532938299812074,0.21757107501047251
0.4100000000000003,0.2095861965500585,1.7176470588235293,1.7294117647058824,-0.053389235893001666,-7.905126702968099,-2.1203989898287023,0.4511839344319574,0.21802318844027224
0.4110000000000003,0.21002441398235006,1.7176470588235293,1.7294117647058824,-0.03473688035575649,-15.379579151167686,-3.9297159873481675,0.44725994056378326,0.21847191539995406
0.4120000000000003,0.21046211320027802,1.7176470588235293,1.7294117647058824,-0.017048074603024446,-15.309412167888837,-4.332217007044749,0.4429370573700228,0.21891671309186822
0.4130000000000003,0.21089929312386305,1.7176470588235293,1.7294117647058824,-0.000278648662746378,-13.180454810808092,-4.3354745482016765,0.4386041762166746,0.2193574636031627
0.4140000000000003,0.2113359526744072,1.7176470588235293,1.7294117647058824,0.015615303256465707,-10.562406310760775,-4.2297306165671715,0.43437148404271125,0.21979365369181675
0.4150000000000003,0.2117720907744964,1.7176470588235293,1.7294117647058824,0.03067618541057686,-7.90875977075347,-4.098043838903739,0.4302729649028588,0.22022574404014783
0.4160000000000003,0.2122077063480033,1.7176470588235293,1.7294117647058824,0.04494454981006316,-5.343168115180088,-3.964406457487871,0.42630965720181074,0.22065362883680179
0.4170000000000003,0.21264279832008964,1.7176470588235293,1.7294117647058824,0.058459042837485306,-2.8965443070829697,-3.8353670418658865,0.4224745503325216,0.22107769971963215
0.4180000000000003,0.21307736561720939,1.7176470588235293,1.7294117647058824,0.07125644949921986,-0.5732047117544438,-3.7125609081156203,0.41876307067268725,0.22149793922607325
0.4190000000000003,0.21351140716711084,1.7176470588235293,1.7294117647058824,0.08337176774460384,1.6299768566720778,-3.5962203624231694,0.4151672390656089,0.22191459509647452
0.4200000000000003,0.21394492189883968,1.7176470588235293,1.7294117647058824,0.09483829008685433,3.718049946337024,-3.4861812927231,0.41167662704137564,0.22232774812115755
0.4210000000000003,0.21437790874274137,1.7176470588235293,1.7294117647058824,0.10568768494646497,5.696357266092205,-3.382174658857215,0.40829681332332735,0.22273727883732392
0.4220000000000003,0.2148103666304639,1.7176470588235293,1.7294117647058824,0.11595007528109956,7.570299680742746,-3.2839260517347766,0.40501292760359076,0.22314370964835611
0.4230000000000003,0.21524229449496046,1.7176470588235293,1.7294117647058824,0.12565411380371333,9.344899412177336,-3.191147263725026,0.4018230282986577,0.22354688450018206
0.4240000000000003,0.21567369127049196,1.7176470588235293,1.7294117647058824,0.1348270546737118,11.025043030723706,-3.103574283487488,0.39872033511842536,0.22394691079677623
0.4250000000000003,0.21610455589262972,1.7176470588235293,1.7294117647058824,0.14349482173776207,12.615233585265363,-3.020949995124218,0.39570038554847115,0.2243438781472664
0.4260000000000003,0.2165348872982581,1.7176470588235293,1.7294117647058824,0.15168207345627097,14.119933105866064,-2.9430374264204007,0.3927583764765004,0.22473786682113112
0.4270000000000003,0.21696468442557723,1.7294117647058824,1.7294117647058824,0.15941226466632252,15.543432682274748,-2.8696017031534646,0.3898898464088647,0.22512895254356644
0.4280000000000003,0.21739394621410535,1.7294117647058824,1.7294117647058824,1.0,16.889563452551837,-2.800416925419091,0.3870905393587868,0.22551720663880112
0.4290000000000003,0.21782267160468163,1.7294117647058824,1.7294117647058824,1.0,114.47031401913095,-2.735285034859665,0.3843511897064038,0.22590292249762106
0.4300000000000003,0.2182508595394689,1.7294117647058824,1.7294117647058824,1.0,142.52736470739603,2.4215333806861388,0.38677569269997875,0.22628851622841256
0.4310000000000003,0.21867850896195595,1.7294117647058824,1.7294117647058824,1.0,150.54532507931367,3.899861708227956,0.39067318569396375,0.22667768593472457
0.43200000000000033,0.21910561881696028,1.7294117647058824,1.7294117647058824,1.0,152.78723132576903,4.317878163069773,0.3949875794884381,0.22707083580657422
0.43300000000000033,0.21953218805063082,1.7294117647058824,1.7294117647058824,1.0,153.36481302678575,4.430218939141496,0.3994184495065919,0.22746845861559098
0.43400000000000033,0.21995821561045045,1.7294117647058824,1.7411764705882353,1.0,153.4626311396061,4.454438480583107,0.40387174735890335,0.2278701334476349
0.43500000000000033,0.2203837004452384,1.7294117647058824,1.7411764705882353,-0.11526530351103528,153.42263403968474,4.453204929296438,0.4083272313590706,0.22827623374831915
0.43600000000000033,0.2208086415051532,1.7294117647058824,1.7411764705882353,-0.09466763961738824,24.44519952658368,4.444610072046588,0.41277551084886643,0.22868678511662208
0.43700000000000033,0.22123303774169503,1.7294117647058824,1.7411764705882353,-0.07510030290863438,-10.272058682289275,-2.3859579816721888,0.41040128380111707,0.22909823347286268
0.43800000000000033,0.2216568881077084,1.7294117647058824,1.7411764705882353,-0.05653668053640426,-17.941182607357746,-4.229249039982158,0.40617756275393957,0.22950598768852148
0.43900000000000033,0.22208019155738462,1.7294117647058824,1.7411764705882353,-0.038932292351670644,-17.932459600801824,-4.641381306024402,0.4015452842875807,0.2299095200980436
0.44000000000000034,0.22250294704626447,1.7294117647058824,1.7411764705882353,-0.02224316870396585,-15.82408267864932,-4.647216913140896,0.39690107553231724,0.23030872051652274
0.44100000000000034,0.2229251535312409,1.7294117647058824,1.7411764705882353,-0.0064256011725910556,-13.21847404641344,-4.541884169817467,0.3923589425377526,0.23070303707921672
0.44200000000000034,0.22334680997056128,1.7294117647058824,1.7411764705882353,0.008562624446431244,-10.572487216130893,-4.410170109246179,0.38794945982400597,0.23109274542995886
0.44300000000000034,0.22376791532383034,1.7294117647058824,1.7411764705882353,0.02276187860316966,-8.012750684107438,-4.2762520178683125,0.383673217004606,0.23147819902772127
0.44400000000000034,0.22418846855201244,1.7294117647058824,1.7411764705882353,0.03621063471578454,-5.570960590680258,-4.146829339376272,0.37952713219840756,0.23185937444405358
0.44500000000000034,0.22460846861743428,1.7294117647058824,1.7411764705882353,0.04894551317865408,-3.2518024754712944,-4.023583397365233,0.3755036232982145,0.23223654396700963
0.44600000000000034,0.22502791448378753,1.7294117647058824,1.7411764705882353,0.06100135533350509,-1.0522804640806718,-3.9067618846478185,0.37159771722128077,0.2326096929588796
0.44700000000000034,0.2254468051161311,1.7294117647058824,1.7411764705882353,0.07241130471986279,1.032646484268751,-3.7962107516288905,0.36780176263963305,0.2329791032920859
0.44800000000000034,0.2258651394808941,1.7294117647058824,1.7411764705882353,0.08320688805268699,3.008320705664285,-3.6916634019222374,0.3641058564352856,0.23334478167201791
0.44900000000000034,0.226282916545878,1.7294117647058824,1.7411764705882353,0.09341809349982039,4.8800813333695405,-3.5928382078261816,0.36051074331240235,0.23370679254696344
0.45000000000000034,0.22670013528025948,1.7294117647058824,1.7411764705882353,0.10307344556333153,6.652881297692767,-3.49945536032235,0.35701093013931606,0.2340653050429337
0.45100000000000035,0.2271167946545927,1.7294117647058824,1.7411764705882353,0.11220007644981103,8.331597484852113,-3.4112530289754526,0.35360068040280435,0.23442033255543152
0.45200000000000035,0.2275328936408121,1.7294117647058824,1.7411764705882353,0.12082379400580538,9.920786562131198,-3.327974981501675,0.3502733274146524,0.23477198842918184
0.45300000000000035,0.22794843121223493,1.7411764705882353,1.7411764705882353,0.12896914635376427,11.424905196325348,-3.249381485105845,0.3470246848879651,0.23512035793609648
0.45400000000000035,0.2283634063435633,1.7411764705882353,1.7411764705882353,1.0,12.848130525512788,-3.175237962243534,0.34385020941242633,0.23546551776963087
0.45500000000000035,0.2287778180108875,1.7411764705882353,1.7411764705882353,1.0,113.9754109207111,-3.105324551109664,0.3407456866533422,0.2358075399649071
0.45600000000000035,0.22919166519168793,1.7411764705882353,1.7411764705882353,1.0,143.05618395543632,2.239838239633513,0.3429825481419552,0.23614954357015286
0.45700000000000035,0.22960494686483773,1.7411764705882353,1.7411764705882353,1.0,151.37143395179967,3.773035386395665,0.3467548640035397,0.2364948816612873
0.45800000000000035,0.2300176620106055,1.7411764705882353,1.7411764705882353,1.0,153.70069290246335,4.207487817904012,0.350958081675682,0.23684407357913487
0.45900000000000035,0.23042980961065765,1.7411764705882353,1.7411764705882353,1.0,154.30421178819566,4.325159777233636,0.3552835554991242,0.23719756626361319
0.46000000000000035,0.23084138864806095,1.7411764705882353,1.7411764705882353,1.0,154.4113487846049,4.351461400006949,0.3596315995010114,0.237555092472149
0.46100000000000035,0.231252398107285,1.7411764705882353,1.7411764705882353,1.0,154.37516189391556,4.351432946388684,0.3639849206576338,0.23791690323802847
0.46200000000000035,0.23166283697420487,1.7411764705882353,1.7411764705882353,1.0,154.2976222200953,4.343753408271651,0.36833185452263445,0.2382830618564768
0.46300000000000036,0.23207270423610338,1.7411764705882353,1.7411764705882353,1.0,154.20863481922868,4.333818087209226,0.3726698362658722,0.2386535628364423
0.46400000000000036,0.23248199888167392,1.7411764705882353,1.7529411764705882,1.0,154.1163949700929,4.323209396244515,0.3769978917429539,0.23902839695851386
0.46500000000000036,0.2328907199010225,1.7411764705882353,1.7529411764705882,-0.26405828235296575,154.02282174136178,4.312361116152728,0.381315581883869,0.2394075542663205
0.46600000000000036,0.23329886628567076,1.7411764705882353,1.7529411764705882,-0.23730438702038414,7.8357858561268685,4.301374971040835,0.38562248823464346,0.2397910240699488
0.46700000000000036,0.23370643702855803,1.7411764705882353,1.7529411764705882,-0.21187086939229832,-31.10820736970601,-3.4392827170428193,0.3822060039872523,0.24017469323903973
0.46800000000000036,0.23411343112404398,1.7411764705882353,1.7529411764705882,-0.18772377558756173,-39.29677152760307,-5.505732756426326,0.37670545293690466,0.2405534288494259
0.46900000000000036,0.23451984756791117,1.7411764705882353,1.7529411764705882,-0.16480748853370192,-38.77235704504386,-5.944856601904482,0.37076988304875125,0.24092679070123169
0.47000000000000036,0.2349256853573674,1.7411764705882353,1.7529411764705882,-0.14306542164599936,-35.88205224916393,-5.922896161438058,0.36484415303032636,0.2412945482928782
0.47100000000000036,0.2353309434910483,1.7411764705882353,1.7529411764705882,-0.12244144311757132,-32.44803588380089,-5.775655508231629,0.3590702937880032,0.24165578120649434
0.47200000000000036,0.2357356209690197,1.7411764705882353,1.7529411764705882,-0.10288137854751113,-28.98979689629978,-5.599562266463629,0.35346938326838795,0.24201162224698777
0.47300000000000036,0.23613971679278006,1.7411764705882353,1.7529411764705882,-0.08433343251751449,-25.650230467598423,-5.422100740524749,0.34804750087129194,0.24236198282342056
0.47400000000000037,0.23654322996526328,1.7411764705882353,1.7529411764705882,-0.06674824784296478,-22.464398161171093,-5.250833558049681,0.342796416077638,0.24270699996911166
0.47500000000000037,0.2369461594908406,1.7411764705882353,1.7529411764705882,-0.05007884603348764,-19.436472489272106,-5.087618602721067,0.33770874845372006,0.24304685098869128
0.47600000000000037,0.2373485043753235,1.7411764705882353,1.7529411764705882,-0.03428053135460511,-16.562348794290344,-4.9326791388871305,0.3327760362241755,0.24338169364853451
0.47700000000000037,0.237750263625966,1.7411764705882353,1.7529411764705882,-0.019310786242595357,-13.835350613563232,-4.785800398259489,0.32799027680693216,0.2437116797222304
0.47800000000000037,0.23815143625146704,1.7411764705882353,1.7529411764705882,-0.005129167303777986,-11.248755301977754,-4.646631406577248,0.3233437404996922,0.2440369525139899
0.47900000000000037,0.23855202126197309,1.7411764705882353,1.7529411764705882,0.008302795142814505,-8.795588384194899,-4.514819559898645,0.31882924653675415,0.24435770715567695
0.48000000000000037,0.2389520176690804,1.7529411764705882,1.7529411764705882,0.021021693139178753,-6.469499992909998,-4.389996136114846,0.3144389706334225,0.24467396110215328
0.48100000000000037,0.23935142448583763,1.7529411764705882,1.7529411764705882,1.0,-4.264138243740165,-4.271828634977096,0.3101677263676237,0.24498593379226669
0.4820000000000004,0.23975024072674814,1.7529411764705882,1.7529411764705882,1.0,109.58022395373843,-4.159982238768586,0.3060076159335615,0.2452937040803234
0.4830000000000004,0.24014846540777257,1.7529411764705882,1.7529411764705882,1.0,142.3287441352384,1.858592077679266,0.3078645587874257,0.24560070664168562
0.4840000000000004,0.24054609754633105,1.7529411764705882,1.7529411764705882,1.0,151.70140930224696,3.5864125485666896,0.3114495891167806,0.24591081376851087
0.4850000000000004,0.2409431361613058,1.7529411764705882,1.7529411764705882,1.0,154.33811661699428,4.077380192467924,0.3155219106478563,0.2462246440007598
0.4860000000000004,0.24133958027304356,1.7529411764705882,1.7529411764705882,1.0,155.0322504718875,4.211889445135393,0.31973370740409995,0.24654264487522862
0.4870000000000004,0.24173542890335784,1.7529411764705882,1.7529411764705882,1.0,155.16711469946364,4.243558385033213,0.32397604974174365,0.24686452608666204
0.4880000000000004,0.24213068107553148,1.7529411764705882,1.7529411764705882,1.0,155.1403929231767,4.245571026262123,0.3282227198583509,0.24719062616774434
0.4890000000000004,0.24252533581431912,1.7529411764705882,1.7529411764705882,0.9869384564610056,155.0675080589558,4.238968066289814,0.3324642889334007,0.2475209699065651
0.4900000000000004,0.24291939214594932,1.7529411764705882,1.7529411764705882,0.9588535016596911,153.4723154404074,4.229856541650287,0.3366977079324422,0.2478555509133128
0.4910000000000004,0.2433128490981273,1.7529411764705882,1.7529411764705882,0.9320628117149361,149.70319072174627,4.140135657276909,0.3408502591181914,0.2481943293152097
0.4920000000000004,0.2437057057000372,1.7529411764705882,1.7529411764705882,0.9065620941404087,145.4605807641766,3.9353243543862586,0.34478926756208234,0.2485375750787416
0.4930000000000004,0.24409796098234435,1.7529411764705882,1.7529411764705882,0.882299928088828,141.23472298897667,3.7054034035976326,0.3485005626587907,0.24888454354404946
0.4940000000000004,0.2444896139771978,1.7529411764705882,1.7529411764705882,0.8592199453043801,137.16268290994586,3.4763130697845304,0.3519818207427184,0.2492350918119152
0.4950000000000004,0.24488066371823278,1.7529411764705882,1.7529411764705882,0.8372658275346343,133.270106222145,3.255308892993992,0.35524224112729086,0.24958899594209166
0.4960000000000004,0.24527110924057288,1.7529411764705882,1.7647058823529411,0.8163830893751065,129.56515496260533,3.04375116921274,0.35829095780994874,0.24994603990562825
0.4970000000000004,0.24566094958083262,1.7529411764705882,1.7647058823529411,-0.4416218415126174,126.0411991559459,2.842075007134378,0.36113791791132976,0.2503060167307124
0.4980000000000004,0.2460501837771197,1.7529411764705882,1.7647058823529411,-0.4070892994693495,-20.409234598170585,2.6499327243727606,0.3637926391021415,0.2506687295402061
0.4990000000000004,0.2464388108690375,1.7529411764705882,1.7647058823529411,-0.3742779693515985,-58.504537871249916,-5.10428963549764,0.3586976050859701,0.2510297756910267
0.5000000000000003,0.24682682989768714,1.7529411764705882,1.7647058823529411,-0.3431181502646081,-65.57092391065832,-7.125435259963663,0.351577358505205,0.2513839886181457
