time,ref.q_ref,sensor_ref.U_q,sensor_state.U_q,pid.u,drive_coupled.torque,pendulum.alpha,pendulum.omega,pendulum.q
s,rad,V,V,-,m·N,rad/s²,rad/s,rad
0.005,0.0027415285926664303,1.4941176470588236,1.4941176470588236,0.0,-0.0,0.0,0.0,0.0
0.01,0.005482888074935513,1.4941176470588236,1.4941176470588236,0.0,-0.0,0.0,0.0,0.0
0.015,0.008223909346841422,1.5058823529411764,1.4941176470588236,1.0,-0.0,0.0,0.0,0.0
0.02,0.01096442332928075,1.5058823529411764,1.4941176470588236,0.8428946291739664,162.7377308498914,0.0,0.0,0.0
0.025,0.013704260974442082,1.5058823529411764,1.4941176470588236,0.6908453688877749,135.28415225850873,8.563212252020987,0.04282177031356471,0.0001094289807497506
0.030000000000000002,0.016443253276233676,1.5058823529411764,1.4941176470588236,0.5736940998015844,109.90070465394294,7.158464835104239,0.07863200835192376,0.00041411493762389436
0.035,0.019181231280708554,1.5176470588235293,1.4941176470588236,1.0,90.36024722259523,5.807605713528222,0.1076937996183039,0.0008808823912465494
0.04,0.02191802609648637,1.5176470588235293,1.4941176470588236,1.0,159.3387486358403,4.76241641457887,0.13153527403740767,0.0014800392347785294
0.045,0.024653468905171432,1.5176470588235293,1.4941176470588236,1.0,158.02804172297593,8.375002531169764,0.1734422258840038,0.0022426650248313982
0.049999999999999996,0.02738739097176622,1.5176470588235293,1.4941176470588236,0.897971302329788,157.12493228593377,8.30937643949286,0.21503175315335069,0.0032138819704332564
0.05499999999999999,0.03011962365507973,1.5294117647058822,1.4941176470588236,1.0,139.63393535474825,8.242509539290861,0.25629644005324737,0.004392239287192536
0.05999999999999999,0.03284999841813011,1.5294117647058822,1.5058823529411764,0.49140266678757766,155.54879947850566,7.299452959229345,0.29285234510649716,0.005766276522455052
0.06499999999999999,0.03557834683854075,1.5294117647058822,1.5058823529411764,0.46858746400376067,71.81176440146636,8.10684552697423,0.33344738766712984,0.0073332624517973505
0.06999999999999999,0.03830450061892941,1.5294117647058822,1.5058823529411764,0.4534730463734432,68.19151806843742,3.6763539067626,0.3518988810328847,0.009046767344895724
0.075,0.041028291597289594,1.5411764705882354,1.5058823529411764,1.0,65.3934303265683,3.433442312461035,0.3691399848010707,0.010850187069907362
0.08,0.04374955175736355,1.5411764705882354,1.5058823529411764,1.0,153.99880070515246,3.254482463575206,0.38549440453733447,0.012737671207680299
0.085,0.04646811323900631,1.5411764705882354,1.5058823529411764,1.0,152.62224417050163,7.884234958768467,0.4249985854707409,0.014764102431642686
0.09000000000000001,0.04918380834854014,1.5411764705882354,1.5176470588235293,-0.025404075663470818,151.7707805076068,7.800329329151162,0.46409392857714477,0.01698690008297658
0.09500000000000001,0.0518964695690986,1.5529411764705883,1.5176470588235293,1.0,-15.932756767452576,7.7161246762835995,0.502776502916702,0.019404143110133415
0.10000000000000002,0.05460592957095985,1.5529411764705883,1.5176470588235293,1.0,152.05275272576853,-1.1509186281949007,0.497119529450597,0.02190348612041515
0.10500000000000002,0.05731202122186827,1.5529411764705883,1.5176470588235293,0.937711753546781,150.26430087385154,7.602006607266349,0.5352349616783996,0.024484571161556595
0.11000000000000003,0.060014577597344,1.5529411764705883,1.5176470588235293,0.8793835418785861,139.29911763859712,7.509303965288615,0.572897506386148,0.027254979908879352
0.11500000000000003,0.06271343199097962,1.5647058823529412,1.5294117647058822,0.837716815634768,129.12468461008962,6.8841570833089545,0.6074400643258209,0.030206993934151764
0.12000000000000004,0.0654084179247234,1.5647058823529412,1.5294117647058822,0.8092875380541369,121.72307840693485,6.295167674242079,0.6390440735225847,0.03332432959515352
0.12500000000000003,0.06809936915914841,1.5647058823529412,1.5294117647058822,0.7910592460736903,116.50726010817597,5.849857845605484,0.6684271632093467,0.03659386393804435
0.13000000000000003,0.07078611970370703,1.5647058823529412,1.5411764705882354,-0.26028065554279856,112.97402003602126,5.518046421003721,0.6961616413944387,0.040006418482440964
0.13500000000000004,0.07346850382696993,1.576470588235294,1.5411764705882354,0.9727156923439623,-58.669342982777444,5.27322662825081,0.7226804563136826,0.043553640172036126
0.14000000000000004,0.07614635606684923,1.576470588235294,1.5411764705882354,0.928790217091574,143.41181327506084,-3.8191403694250092,0.7037248669233643,0.04711861084976344
0.14500000000000005,0.07881951124080497,1.576470588235294,1.5529411764705883,-0.14135342256063077,134.37170114094383,6.710633959598331,0.7374220374704168,0.05072326300207795
0.15000000000000005,0.08148780445603432,1.576470588235294,1.5529411764705883,0.03576309927380408,-40.43528091176525,6.229639028157537,0.7687242252750557,0.05448972402646217
0.15500000000000005,0.084151071119643,1.588235294117647,1.5529411764705883,1.0,-10.252105666866385,-3.034321363100344,0.753705903063291,0.05829582769891388
0.16000000000000006,0.08680914694879806,1.588235294117647,1.5647058823529412,0.09150925385053861,146.68312323027345,-1.5548248521072314,0.746070813102956,0.06204505448961033
0.16500000000000006,0.08946186798086175,1.588235294117647,1.5647058823529412,0.226318904427528,-2.8140180235168692,6.651179430885138,0.7794789339837525,0.06586070887002943
0.17000000000000007,0.09210907058350534,1.588235294117647,1.5647058823529412,0.3337481222388945,20.11510557212172,-1.2361823153570977,0.7734544743265845,0.06974310885385415
0.17500000000000007,0.09475059146480291,1.6,1.576470588235294,0.41999989755849887,37.49928768294116,-0.1330589642567177,0.7729339338416861,0.07360915321862896
0.18000000000000008,0.09738626768330377,1.6,1.576470588235294,0.4896038833998961,51.350945340106556,0.7254231361427435,0.7767097557690278,0.07748351478622395
0.18500000000000008,0.10001593665808364,1.6,1.576470588235294,0.5465424318289919,62.44145255985081,1.3962778312277737,0.7838418618605143,0.08138527811020477
0.19000000000000009,0.10263943617877334,1.6,1.588235294117647,-0.4501539652063727,71.43170891717216,1.9201648580306947,0.7935958299266062,0.08532935549825411
0.1950000000000001,0.1052566044155646,1.6,1.588235294117647,-0.2133897769435799,-91.07670513451673,2.3318957882108373,0.805411177222806,0.0893274305470131
0.2000000000000001,0.10786727992919264,1.611764705882353,1.588235294117647,1.0,-50.90965311676062,-6.282197024197757,0.7741551594005535,0.09327487723288781
0.2050000000000001,0.11047130168089438,1.611764705882353,1.6,-0.0775488453634967,146.80603669980474,-4.2747489740730185,0.7529229855080791,0.09709197904928696
0.2100000000000001,0.11306850904234216,1.611764705882353,1.6,0.08237164244831952,-30.383153099004474,6.080073027986674,0.7834759619159828,0.10093469300729825
0.2150000000000001,0.11565874180555197,1.611764705882353,1.6,0.207905169429336,-2.992110680405258,-3.2531578065649702,0.767365711686419,0.10481182159036961
0.2200000000000001,0.1182418401927659,1.6235294117647059,1.611764705882353,0.3070811624186558,17.510114169682886,-1.921762976911689,0.7578985801867952,0.10862470242163572
0.22500000000000012,0.12081764486630794,1.6235294117647059,1.611764705882353,0.3855602820724242,33.6215813070085,-0.8962382261546695,0.753560093747264,0.11240327066529225
0.23000000000000012,0.1233859969384127,1.6235294117647059,1.611764705882353,0.4480272974197219,46.30557565046647,-0.10319919386435239,0.7531879569342117,0.11617022557130789
0.23500000000000013,0.12594673798102637,1.6235294117647059,1.6235294117647059,-0.5461237834892347,56.338422958447936,0.508158666747839,0.7558737403624545,0.119943090886193
0.24000000000000013,0.12849971003557928,1.6352941176470588,1.6235294117647059,0.7329267316834758,-105.61569114371964,0.9787462052887235,0.7609139346106615,0.12373536751701252
0.24500000000000013,0.1310447556227295,1.6352941176470588,1.6235294117647059,0.7213215659740762,104.31117220445365,-7.601802498763341,0.7230498683752603,0.12744357446367677
0.2500000000000001,0.13358171775207697,1.6352941176470588,1.6352941176470588,-0.3285308643664924,100.84686817817091,3.3431422623945704,0.739909357510707,0.13110214983779636
0.2550000000000001,0.13611043993184746,1.6352941176470588,1.6352941176470588,-0.13607926899807354,-70.3588206116317,3.1586719372303635,0.755859058219385,0.13484168221904846
0.2600000000000001,0.13863076617854556,1.6470588235294117,1.6352941176470588,1.0,-37.3905155030843,-5.912090008468835,0.7264430986474513,0.13854597481188796
0.2650000000000001,0.1411425410265765,1.6470588235294117,1.6470588235294117,-0.06616619401073269,147.7880882637964,-4.281782395480926,0.7051664481833055,0.14212430474904292
0.27000000000000013,0.1436456095378362,1.6470588235294117,1.6470588235294117,0.069772771012995,-27.401364659232634,5.415500846544476,0.732385681236882,0.14571983474312222
0.27500000000000013,0.1461398173112684,1.6470588235294117,1.6470588235294117,0.17531598435246176,-3.8623263990582313,-3.811410131627129,0.7134727301097582,0.14933448457231466
0.28000000000000014,0.14862501049238883,1.6470588235294117,1.6588235294117646,-0.7822950924272536,13.491018344431787,-2.6773916382205396,0.700216822114121,0.15286826452664845
0.28500000000000014,0.15110103578277576,1.6588235294117646,1.6588235294117646,0.518277441208735,-142.25826279853052,-1.813499021615879,0.6912799626026149,0.1563467248382456
0.29000000000000015,0.1535677404495262,1.6588235294117646,1.6588235294117646,0.5234101455336958,71.39898502355868,-10.059104455059305,0.6411137335126368,0.15967566378204703
0.29500000000000015,0.15602497233467705,1.6588235294117646,1.6705882352941177,-0.5125979581059835,70.88033974322043,1.0911841220782144,0.6466947726805827,0.16289569608432686
0.30000000000000016,0.15847257986459107,1.6588235294117646,1.6705882352941177,-0.31228723804251746,-97.86447930120187,1.0709294457437646,0.6521749887429186,0.16614324512360554
0.30500000000000016,0.16091041205930653,1.6705882352941177,1.6705882352941177,0.8819467526264163,-63.42072331573263,-7.860567386170174,0.6129972871427456,0.16930610816817407
0.31000000000000016,0.16333831854185046,1.6705882352941177,1.6823529411764706,-0.2358881322159724,131.4150580712181,-6.142217519096178,0.5823941593195348,0.1722936120658196
0.31500000000000017,0.16575614954751458,1.6705882352941177,1.6823529411764706,-0.09964345242639658,-52.09844021955858,4.074098322876184,0.6028743320016742,0.1752570692266963
0.3200000000000002,0.1681637559330934,1.6705882352941177,1.6823529411764706,0.00493431990598564,-28.267601721964347,-5.577256030577303,0.5751017114387528,0.1782004303819057
0.3250000000000002,0.1705609891860843,1.6705882352941177,1.6823529411764706,0.08535219927840368,-10.88266278630825,-4.418524139386096,0.5531142195311523,0.18102018807719727
0.3300000000000002,0.17294770143384816,1.6823529411764706,1.6941176470588235,0.14661343254169307,2.48172419033967,-3.540570360194324,0.5355110749315595,0.1837410460632079
0.3350000000000002,0.17532374545273116,1.6823529411764706,1.6941176470588235,0.19292551940455827,12.680630333291687,-2.8744159266790237,0.5212369848400549,0.18638232837891
0.3400000000000002,0.1776889746771461,1.6823529411764706,1.6941176470588235,0.22768035672251913,20.41215882713078,-2.374926587641744,0.50945851501486,0.18895856945458678
0.3450000000000002,0.1800432432086131,1.6823529411764706,1.6941176470588235,0.2535035358616925,26.237806848288926,-2.005296022143191,0.4995268026224075,0.1914806078122878
0.3500000000000002,0.18238640582475965,1.6823529411764706,1.6941176470588235,0.2723138389499589,30.592231310902527,-1.7359055876526277,0.4909408137422418,0.19395640743624257
0.3550000000000002,0.1847183179882782,1.6941176470588235,1.7058823529411764,0.2856121506373422,33.79396632334313,-1.5438152532409617,0.48331440636056117,0.19639174020351163
0.3600000000000002,0.1870388358558423,1.6941176470588235,1.7058823529411764,0.2946744901049971,36.091138097887786,-1.412201808025879,0.4763382451358104,0.19879049532126133
0.3650000000000002,0.18934781628697922,1.6941176470588235,1.7058823529411764,0.30042481270497584,37.695467142958385,-1.3279614882428297,0.4697848872360117,0.2011554043663773
0.3700000000000002,0.19164511685289973,1.6941176470588235,1.7058823529411764,0.3036135596399929,38.75974265817632,-1.2799031301285915,0.4634685953843117,0.20348774998529678
0.3750000000000002,0.19393059584528363,1.6941176470588235,1.7176470588235293,-0.7354992854878517,39.40850306797986,-1.2599547422877797,0.4572556596108863,0.2057892815730792
0.3800000000000002,0.19620411228502113,1.7058823529411764,1.7176470588235293,0.5014249588126813,-129.56255180685338,-1.2615151937580555,0.4510333922611977,0.20805971939299053
0.38500000000000023,0.198465525930909,1.7058823529411764,1.7176470588235293,0.45493119440207663,73.8314683508137,-10.188075097600207,0.400174114200014,0.2101854628272214
0.39000000000000024,0.20071469728830138,1.7058823529411764,1.7176470588235293,0.41745566876658047,65.04460184420192,0.43806819538336494,0.4024407926436595,0.2121922911082746
0.39500000000000024,0.20295148761771434,1.7058823529411764,1.7176470588235293,0.3869680086541744,58.96632456852464,-0.00017312935404056873,0.40252029568167025,0.21420475788330115
0.40000000000000024,0.20517575894338416,1.7176470588235293,1.7176470588235293,1.0,54.07952295813045,-0.35400226750347796,0.40083039903499473,0.2162130985262771
0.40500000000000025,0.20738737406177826,1.7176470588235293,1.7294117647058824,0.1435744732872313,153.942172359557,-0.6444744207278061,0.39768727209664195,0.21820931020714715
0.41000000000000025,0.2095861965500585,1.7176470588235293,1.7294117647058824,0.1711387334063007,13.484723849802048,4.577638403872596,0.4206567572640542,0.22025534015557774
0.41500000000000026,0.21177209077449638,1.7176470588235293,1.7294117647058824,0.19117772742832512,19.088256484625962,-2.8197363993522666,0.4066364879769163,0.2223224238125972
0.42000000000000026,0.21394492189883968,1.7176470588235293,1.7294117647058824,0.2055293357177068,22.61884210749703,-2.5951798976186535,0.39372969958220894,0.2243226425216093
0.42500000000000027,0.2161045558926297,1.7176470588235293,1.7294117647058824,0.2153865876262282,25.19721081616916,-2.438621801698962,0.3816036222584874,0.22626041676757985
0.43000000000000027,0.21825085953946888,1.7294117647058824,1.7411764705882353,0.2217383876621295,27.037970661718475,-2.3315936771458303,0.3700141179401667,0.22813895058907147
0.4350000000000003,0.2203837004452384,1.7294117647058824,1.7411764705882353,0.22537848201870161,28.30528714370228,-2.262732148707269,0.3587648502594603,0.22996000842145847
0.4400000000000003,0.22250294704626444,1.7294117647058824,1.7411764705882353,0.22691819981307054,29.130591749771718,-2.2233628679447976,0.34771121342730177,0.23172514780263154
0.4450000000000003,0.22460846861743428,1.7294117647058824,1.7411764705882353,0.22682493115836877,29.614904662441017,-2.2065438373776267,0.33674167912426245,0.2334356427669487
0.4500000000000003,0.22670013528025942,1.7294117647058824,1.7411764705882353,0.22545856023219674,29.83560923084787,-2.2069186668659837,0.3257683000816532,0.23509124060542708
0.4550000000000003,0.2287778180108875,1.7411764705882353,1.7411764705882353,1.0,29.8520711055417,-2.2203963700637113,0.31472347012494123,0.23669250263585973
0.4600000000000003,0.23084138864806092,1.7411764705882353,1.7411764705882353,1.0,156.1420615070486,-2.2438132039833336,0.3035641619019547,0.2382382495758452
0.4650000000000003,0.2328907199010225,1.7411764705882353,1.7529411764705882,-0.13267944215287958,154.92284311987763,4.378120431151909,0.32551533736158755,0.23981282868535012
0.4700000000000003,0.23492568535736735,1.7411764705882353,1.7529411764705882,-0.05701538910657465,-29.888336544620003,4.322473899437162,0.3471964126585579,0.24149465616387575
0.4750000000000003,0.23694615949084058,1.7411764705882353,1.7529411764705882,0.00046051103792868475,-15.897180226356742,-5.430602969909529,0.3201061606375353,0.24316097962621191
0.4800000000000003,0.2389520176690804,1.7529411764705882,1.7529411764705882,1.0,-6.080839860520553,-4.769645156713595,0.29631335405200804,0.24470092971984952
0.4850000000000003,0.2409431361613058,1.7529411764705882,1.7529411764705882,0.9203144482765817,156.98530158064503,-4.2718399796703235,0.2750054100726029,0.2461281617363015
0.4900000000000003,0.2429193921459493,1.7529411764705882,1.7529411764705882,0.7922396224099393,142.58986514559015,4.290681419016602,0.29651372346919097,0.24755886876586736
0.49500000000000033,0.24488066371823272,1.7529411764705882,1.7529411764705882,0.6921811255622854,121.42146627220971,3.5542260080704224,0.3143470156141351,0.24908700263967043
0.5000000000000003,0.24682682989768714,1.7529411764705882,1.7647058823529411,-0.425250055799877,105.00300348559607,2.4112186732540426,0.32647028899444525,0.2506897354786467
