time,ref.q_ref,sensor_ref.U_q,sensor_state.U_q,pid.u,drive.torque,pendulum.alpha,pendulum.omega,pendulum.q
s,rad,V,V,-,m·N,rad/s²,rad/s,rad
0.0,0.0,1.4941176470588236,1.4941176470588236,0.0,-0.0,0.0,0.0,0.0
0.0,0.0,1.4941176470588236,1.4941176470588236,0.0,-0.0,-0.0,0.0,0.0
0.005,0.0027415285926664303,1.4941176470588236,1.4941176470588236,0.0,0.0,0.0,0.0,0.0
0.01,0.005482888074935513,1.4941176470588236,1.4941176470588236,0.0,0.0,0.0,0.0,0.0
0.015,0.008223909346841422,1.5058823529411764,1.4941176470588236,1.0,161.8028530934782,0.0,0.0,0.0
0.02,0.01096442332928075,1.5058823529411764,1.4941176470588236,0.8428946291739664,135.77688412439872,8.559404058986788,0.04280163603392898,0.00010941985950217924
0.025,0.013704260974442082,1.5058823529411764,1.4941176470588236,0.6908453688877749,110.35073562137146,7.178398885684417,0.07870900497409833,0.00041425936447807147
0.030000000000000002,0.016443253276233676,1.5058823529411764,1.4941176470588236,0.5736940998015844,90.71809694160302,5.82699741428956,0.10786569347889931,0.0008817834820466463
0.035,0.019181231280708554,1.5176470588235293,1.4941176470588236,1.0,159.1416653967145,4.780385416763083,0.13179228832202522,0.0014820450924116115
0.04,0.02191802609648637,1.5176470588235293,1.4941176470588236,1.0,158.371537157781,8.390598064748675,0.1737711557268348,0.0022461349666944726
0.045,0.024653468905171432,1.5176470588235293,1.4941176470588236,1.0,157.47171506084953,8.33709625311097,0.2154912909978087,0.00321931626122609
0.049999999999999996,0.02738739097176622,1.5176470588235293,1.4941176470588236,0.897971302329788,140.07012193089878,8.274008458918459,0.2569041446139115,0.004400336942136799
0.05499999999999999,0.03011962365507973,1.5294117647058822,1.5058823529411764,0.7787352447925922,119.95237483363317,7.335250802908583,0.2936291822091071,0.005777949938245616
0.05999999999999999,0.03284999841813011,1.5294117647058822,1.5058823529411764,0.6881529947918217,104.5824931490107,6.250557184062922,0.3249361218166732,0.00732547660895867
0.06499999999999999,0.03557834683854075,1.5294117647058822,1.5058823529411764,0.6204960266311723,93.021062482791,5.415153052012717,0.3520711120463079,0.009019185762293378
0.06999999999999999,0.03830450061892941,1.5294117647058822,1.5058823529411764,0.5705001523831731,84.39307881775395,4.779577476522347,0.37603159768185185,0.010840576765065824
0.075,0.041028291597289594,1.5411764705882354,1.5058823529411764,1.0,153.40629199525296,4.297717823621616,0.39758574228439436,0.012775698046923828
0.08,0.04374955175736355,1.5411764705882354,1.5058823529411764,1.0,152.68660187743524,7.921787476897692,0.4372637955041119,0.014863026198994482
0.085,0.04646811323900631,1.5411764705882354,1.5176470588235293,0.13916271720467244,12.55197286008438,7.8537680533661565,0.4766103431579183,0.01714776406629914
0.09000000000000001,0.04918380834854014,1.5411764705882354,1.5176470588235293,0.20871926510470137,23.48744660558792,0.40807682974987053,0.47872880985036026,0.019536169460355444
0.09500000000000001,0.0518964695690986,1.5529411764705883,1.5176470588235293,1.0,151.4358572802269,0.9551332783623935,0.4835774778828925,0.021942291601066026
0.10000000000000002,0.05460592957095985,1.5529411764705883,1.5176470588235293,1.0,150.8556009786553,7.691817588582117,0.5221196113576215,0.024456731733292845
0.10500000000000002,0.05731202122186827,1.5529411764705883,1.5176470588235293,1.0,150.0314670436311,7.625659359779865,0.5603396257212893,0.0271629445105799
0.11000000000000003,0.060014577597344,1.5529411764705883,1.5294117647058822,-0.0817601509628367,-25.816486565272648,7.544109830674387,0.5981596950056834,0.030059266741331896
0.11500000000000003,0.06271343199097962,1.5647058823529412,1.5294117647058822,1.0,149.0641101589175,-1.798720335041187,0.5892595946626922,0.03302709867138411
0.12000000000000004,0.0654084179247234,1.5647058823529412,1.5294117647058822,1.0,148.60484970153752,7.414236386223996,0.6264309384069935,0.03606652087723049
0.12500000000000003,0.06809936915914841,1.5647058823529412,1.5411764705882354,-0.10081366923116945,-30.304372041599578,7.347707153734289,0.663277954188559,0.03929086748334966
0.13000000000000003,0.07078611970370703,1.5647058823529412,1.5411764705882354,0.04923328014891863,-6.144860500148212,-2.1612822812499024,0.6525753657763856,0.04257969745844406
0.13500000000000004,0.07346850382696993,1.576470588235294,1.5411764705882354,1.0,147.83660206818038,-0.9255984831539855,0.6480470401140233,0.045831121382687426
0.14000000000000004,0.07614635606684923,1.576470588235294,1.5411764705882354,1.0,147.36192819528736,7.177792242011022,0.6840436707586599,0.04916335596750068
0.14500000000000005,0.07881951124080497,1.576470588235294,1.5529411764705883,-0.007788690186200792,-16.469920275612495,7.10674070752058,0.7196952377787955,0.05267278174369089
0.15000000000000005,0.08148780445603432,1.576470588235294,1.5529411764705883,0.1346825184817825,6.433426010879624,-1.608284657632453,0.7117704956758565,0.05625147649877954
0.15500000000000005,0.084151071119643,1.588235294117647,1.5529411764705883,1.0,146.53436172422812,-0.44298629658624383,0.7096604463651973,0.0598050133910915
0.16000000000000006,0.08680914694879806,1.588235294117647,1.5647058823529412,0.14215554129669483,7.258148737235233,6.922067187546835,0.7443901995526266,0.06344035404746547
0.16500000000000006,0.08946186798086175,1.588235294117647,1.5647058823529412,0.2605463841260507,26.193185751555372,-0.49550933049591245,0.7420338385706414,0.06715647602323799
0.17000000000000007,0.09210907058350534,1.588235294117647,1.5647058823529412,0.3551893763482897,41.49204428922152,0.4577329682961142,0.7444338707330895,0.07087283794735245
0.17500000000000007,0.09475059146480291,1.6,1.576470588235294,0.4314888332504361,53.733710749213486,1.2183175571233502,0.7506406399616187,0.0746109068889937
0.18000000000000008,0.09738626768330377,1.6,1.576470588235294,0.49359464312045254,63.608251704029705,1.816657549806637,0.7598411069056713,0.07838762955551369
0.18500000000000008,0.10001593665808364,1.6,1.576470588235294,0.5444910951974904,71.61376075250183,2.289090374259597,0.77140603625082,0.08221636452715304
0.19000000000000009,0.10263943617877334,1.6,1.588235294117647,-0.45317223998891465,-90.08469338395801,2.6618332643208995,0.7848371801833502,0.0861076643735141
0.1950000000000001,0.1052566044155646,1.6,1.588235294117647,-0.22088371434317333,-52.17789741966115,-5.943727189239136,0.7552404128756726,0.08995620648551511
0.2000000000000001,0.10786727992919264,1.611764705882353,1.588235294117647,1.0,145.86542942604387,-3.986743574958566,0.7354173878774918,0.09368222251797532
0.2050000000000001,0.11047130168089438,1.611764705882353,1.6,-0.09102237470590455,-30.975040740723333,6.442490161513242,0.7677505023167109,0.09744208627119352
0.2100000000000001,0.11306850904234216,1.611764705882353,1.6,0.06654754582075949,-5.5083186066943535,-2.9635601660650726,0.7530561230866085,0.10124410856161592
0.2150000000000001,0.11565874180555197,1.611764705882353,1.6,0.19043361694445843,14.763376433971233,-1.6649555398005844,0.7448417045375411,0.10498853084225308
0.2200000000000001,0.1182418401927659,1.6235294117647059,1.611764705882353,0.2881919075154098,30.687077106070216,-0.6408306026249302,0.7417495255536959,0.1087049317965097
0.22500000000000012,0.12081764486630794,1.6235294117647059,1.611764705882353,0.3657745406751703,43.25223034013122,0.15333505351686774,0.7426296093004147,0.11241600330804549
0.23000000000000012,0.1233859969384127,1.6235294117647059,1.611764705882353,0.4274355403202182,53.16839643966071,0.7696637092554743,0.7465926074669705,0.11613933708825717
0.23500000000000013,0.12594673798102637,1.6235294117647059,1.6235294117647059,-0.5632097155348083,-107.23811953256194,1.2455211798120638,0.7529364120397551,0.11988855355717591
0.24000000000000013,0.12849971003557928,1.6352941176470588,1.6235294117647059,0.7134059028474189,99.79138250866211,-7.289209158816333,0.7166062564823383,0.12356053630284847
0.24500000000000013,0.1310447556227295,1.6352941176470588,1.6235294117647059,0.7006624790419141,97.74135002483426,3.6173259136475138,0.7348078974851098,0.12719049710915745
0.2500000000000001,0.13358171775207697,1.6352941176470588,1.6352941176470588,-0.34767681745454126,-72.26226544911349,3.460539424632791,0.7522362897981949,0.13090819700294987
0.2550000000000001,0.13611043993184746,1.6352941176470588,1.6352941176470588,-0.15591940157272527,-40.968532901745476,-5.582131877384669,0.7244417485727449,0.13459824768899367
0.2600000000000001,0.13863076617854556,1.6470588235294117,1.6352941176470588,1.0,146.54910466621035,-3.972793024186188,0.7046839411142832,0.13817035413183443
0.2650000000000001,0.1411425410265765,1.6470588235294117,1.6470588235294117,-0.08715383984234625,-29.627658646644512,5.901876047148659,0.734307987842013,0.14176974761427324
0.27000000000000013,0.1436456095378362,1.6470588235294117,1.6470588235294117,0.04809279160666938,-7.717323882327602,-3.4665400769057855,0.7170923781307791,0.14539823869287793
0.27500000000000013,0.1461398173112684,1.6470588235294117,1.6470588235294117,0.15320335663203413,9.583741123200527,-2.3533854450476843,0.7054302492552545,0.14895405370090498
0.28000000000000014,0.14862501049238883,1.6470588235294117,1.6588235294117646,-0.8050099096207977,-145.26671655238394,-1.4834664196169873,0.6981183115050948,0.15246262892946058
0.28500000000000014,0.15110103578277576,1.6588235294117646,1.6588235294117646,0.4953357499267875,65.87514682646207,-9.72006876145394,0.6496237210832052,0.1558298058508869
0.29000000000000015,0.1535677404495262,1.6588235294117646,1.6588235294117646,0.500290000690218,66.93471599136501,1.4089649309170509,0.6567707243238825,0.15909650220219412
0.29500000000000015,0.15602497233467705,1.6588235294117646,1.6705882352941177,-0.5358599997610214,-100.87063792980447,1.422301141265167,0.6639841422461213,0.1623988574995097
0.30000000000000016,0.15847257986459107,1.6588235294117646,1.6705882352941177,-0.33565666546024064,-67.99950124777928,-7.497842949652101,0.6265983104277327,0.1656252245807136
0.30500000000000016,0.16091041205930653,1.6705882352941177,1.6705882352941177,0.8584953065071564,125.90422079702869,-5.798204975872998,0.59769504353222,0.16868492053638073
0.31000000000000016,0.16333831854185046,1.6705882352941177,1.6705882352941177,0.7803609201911653,113.16208380800049,4.421718314629483,0.6198996432388676,0.1717306249180524
0.31500000000000017,0.16575614954751458,1.6705882352941177,1.6823529411764706,-0.3202190561396692,-65.34117551214004,3.706914520987975,0.6385370274083265,0.1748776729598977
0.3200000000000002,0.1681637559330934,1.6705882352941177,1.6823529411764706,-0.1705452346505295,-40.85176153800602,-5.7777699574791495,0.6097454058561171,0.17799656111474124
0.3250000000000002,0.1705609891860843,1.6705882352941177,1.6823529411764706,-0.05548486268593944,-21.70218557437852,-4.520640282525917,0.5872342085075969,0.1809883666889729
0.3300000000000002,0.17294770143384816,1.6823529411764706,1.6941176470588235,0.032878436337460404,-6.987526298244963,-3.5447196717371723,0.5695946035528263,0.18387961969993075
0.3350000000000002,0.17532374545273116,1.6823529411764706,1.6941176470588235,0.10037783458553218,4.26270644412947,-2.8024116639501475,0.5556658330126873,0.18669208610043347
0.3400000000000002,0.1776889746771461,1.6823529411764706,1.6941176470588235,0.15162355273043324,12.816028289151832,-2.242579103881606,0.544535258017371,0.18944202242365482
0.3450000000000002,0.1800432432086131,1.6823529411764706,1.6941176470588235,0.1902716318567959,19.28078946704921,-1.8247713815265767,0.5354928671475797,0.19214162656506115
0.3500000000000002,0.18238640582475965,1.6823529411764706,1.7058823529411764,-0.8208328738812389,-144.14462114719475,-1.516918302752649,0.5279889095440431,0.19479994218351437
0.3550000000000002,0.1847183179882782,1.6941176470588235,1.7058823529411764,0.43694490026392113,60.14472361599862,-10.1958759173842,0.4770873842661404,0.1973102621642047
0.3600000000000002,0.1870388358558423,1.6941176470588235,1.7058823529411764,0.40723278186085987,55.6714923351196,0.5821311785349463,0.48007165080969433,0.19970354384699912
0.3650000000000002,0.18934781628697922,1.6941176470588235,1.7058823529411764,0.38283006336916503,51.67873787443474,0.3145735165729632,0.4817253166915403,0.20210821883482813
0.3700000000000002,0.19164511685289973,1.6941176470588235,1.7058823529411764,0.3625671062320443,48.382811182196384,0.07238648122311075,0.4821672764975808,0.20451804969338888
0.3750000000000002,0.19393059584528363,1.6941176470588235,1.7176470588235293,-0.694391863051834,-122.63012380550005,-0.13291110011532925,0.4815822981139099,0.2069274527201402
0.3800000000000002,0.19620411228502113,1.7058823529411764,1.7176470588235293,0.5277631403547078,75.77449139437884,-9.210445606226347,0.43560947865639393,0.20922000773680488
0.38500000000000023,0.198465525930909,1.7058823529411764,1.7176470588235293,0.47014780096793946,66.70226087691353,1.2588263201026177,0.44197095874963105,0.21141472251677598
0.39000000000000024,0.20071469728830138,1.7058823529411764,1.7176470588235293,0.42403407773251744,59.14084436923067,0.7503847964054218,0.4457937839533872,0.21363443042097074
0.39500000000000024,0.20295148761771434,1.7058823529411764,1.7176470588235293,0.38683838838862494,53.07162510402762,0.3217181169774032,0.4474743870717978,0.21586777702772023
0.40000000000000024,0.20517575894338416,1.7176470588235293,1.7294117647058824,0.35656432583382364,48.16281558842617,-0.028033816974766805,0.44740639885871064,0.21810503285909416
0.40500000000000025,0.20738737406177826,1.7176470588235293,1.7294117647058824,0.33166096975626824,44.156228550436886,-0.3163236118134362,0.4458963194283514,0.2203382428225041
0.41000000000000025,0.2095861965500585,1.7176470588235293,1.7294117647058824,0.31097943930642313,40.86039245804164,-0.5567275742354284,0.44318820231422784,0.22256082990379536
0.41500000000000026,0.21177209077449638,1.7176470588235293,1.7294117647058824,0.2935991974522811,38.122007501643544,-0.7593057473899776,0.43946683380356527,0.22476726845242792
0.42000000000000026,0.21394492189883968,1.7176470588235293,1.7294117647058824,0.2787767836088256,35.817047052815504,-0.9321093588120236,0.4348797394829933,0.22695286828064773
0.42500000000000027,0.2161045558926297,1.7176470588235293,1.7411764705882353,-0.7744062923150874,-134.48062641338217,-1.0816493736923436,0.42954343482395047,0.22911359965983324
0.43000000000000027,0.21825085953946888,1.7294117647058824,1.7411764705882353,0.45097772267793,64.5458526043906,-10.117704369552994,0.37901677911392406,0.23113253415017235
0.4350000000000003,0.2203837004452384,1.7294117647058824,1.7411764705882353,0.39603706252924153,56.00155576940812,0.38836148960634004,0.38101623600863554,0.23303291101074583
0.4400000000000003,0.22250294704626444,1.7294117647058824,1.7411764705882353,0.35200488957232323,48.86851398360441,-0.08798618172704879,0.3806371428725392,0.23493706429132072
0.4450000000000003,0.22460846861743428,1.7294117647058824,1.7411764705882353,0.3164310977860221,43.14999591846671,-0.4895645133930113,0.3782502309053239,0.2368341467105597
0.4500000000000003,0.22670013528025942,1.7294117647058824,1.7529411764705882,-0.7533983541565612,-129.8761380403989,-0.8160850312472488,0.3742298335409945,0.23871508336912142
0.4550000000000003,0.2287778180108875,1.7411764705882353,1.7529411764705882,0.45981350434339296,67.1617262352226,-9.992939873280427,0.3243182591675672,0.2404589532659022
0.4600000000000003,0.23084138864806092,1.7411764705882353,1.7529411764705882,0.3951245419421793,57.0345574178482,0.4114408623438629,0.32642450328667655,0.2420861335792099
0.4650000000000003,0.2328907199010225,1.7411764705882353,1.7529411764705882,0.3434926635774087,48.67506080953413,-0.14512027860354504,0.3257513170130236,0.24371656425120253
0.4700000000000003,0.23492568535736735,1.7411764705882353,1.7529411764705882,0.30200179093147683,42.00961903070995,-0.6080281271034761,0.32276356640661663,0.2453376355962775
0.4750000000000003,0.23694615949084058,1.7411764705882353,1.7529411764705882,0.26838124694935667,36.6613100224786,-0.9810455574500883,0.3179095404808664,0.24693894215395387
0.4800000000000003,0.2389520176690804,1.7529411764705882,1.7529411764705882,1.0,155.16605632663726,-1.2840084084922068,0.3115395198005143,0.24851206078337731
0.4850000000000003,0.2409431361613058,1.7529411764705882,1.7647058823529411,0.024374286290666305,-2.9975759691819497,4.965390291217634,0.3364182826364091,0.2501321264641026
0.4900000000000003,0.2429193921459493,1.7529411764705882,1.7647058823529411,0.049594752771624645,1.1422178987669516,-3.4236925241840157,0.31934923513440516,0.2517698337939374
0.49500000000000033,0.24488066371823272,1.7529411764705882,1.7647058823529411,0.06801903536152304,4.47765476744976,-3.224400764023084,0.3032686519517466,0.25332535557086167
0.5000000000000003,0.24682682989768714,1.7529411764705882,1.7647058823529411,0.08102002536333824,6.9171132872158,-3.0666637408655437,0.28797318402484784,0.2548024202699531
